USE book_fetch;

# Insert basic user data into table users

# Students
INSERT INTO users (first_name, last_name, email, address, phone)
VALUES ('James', 'Tremblay', 'JamesTremblay@gmail.com', '1866 Second Drive, Baltimore', '4155992671');

INSERT INTO users (first_name, last_name, email, address, phone)
VALUES ('Christopher', 'Roy', 'ChristopherRoy@gmail.com', '1131 Third Drive, Baltimore', '4155992672');

INSERT INTO users (first_name, last_name, email, address, phone)
VALUES ('Ronald', 'Gagnon', 'RonaldGagnon@gmail.com', '9898 First Drive, Baltimore', '4155992673');

INSERT INTO users (first_name, last_name, email, address, phone)
VALUES ('Mary', 'Côté', 'MaryCôté@gmail.com', '9190 Fourth Drive, Baltimore', '4155992674');

INSERT INTO users (first_name, last_name, email, address, phone)
VALUES ('Lisa', 'Bouchard', 'LisaBouchard@gmail.com', '8926 Park Drive, Baltimore', '4155992675');

INSERT INTO users (first_name, last_name, email, address, phone)
VALUES ('Michelle', 'Gauthier', 'MichelleGauthier@gmail.com', '8186 Fifth Drive, Baltimore', '4155992676');

INSERT INTO users (first_name, last_name, email, address, phone)
VALUES ('John', 'Morin', 'JohnMorin@gmail.com', '7644 Main Drive, Baltimore', '4155992677');

INSERT INTO users (first_name, last_name, email, address, phone)
VALUES ('Daniel', 'Lavoie', 'DanielLavoie@gmail.com', '7283 Sixth Drive, Baltimore', '4155992678');

INSERT INTO users (first_name, last_name, email, address, phone)
VALUES ('Anthony', 'Fortin', 'AnthonyFortin@gmail.com', '6946 Oak Drive, Baltimore', '4155992679');

INSERT INTO users (first_name, last_name, email, address, phone)
VALUES ('Patricia', 'Gagné', 'PatriciaGagné@gmail.com', '6377 Seventh Drive, Baltimore', '4155992680');

INSERT INTO users (first_name, last_name, email, address, phone)
VALUES ('Nancy', 'Martínez', 'NancyMartínez@gmail.com', '6170 Pine Drive, Baltimore', '4155992681');

INSERT INTO users (first_name, last_name, email, address, phone)
VALUES ('Laura', 'García', 'LauraGarcía@gmail.com', '6103 Maple Drive, Baltimore', '4155992682');

INSERT INTO users (first_name, last_name, email, address, phone)
VALUES ('Robert', 'Hernandez', 'RobertHernandez@gmail.com', '5644 Cedar Drive, Baltimore', '4155992683');

INSERT INTO users (first_name, last_name, email, address, phone)
VALUES ('Paul', 'González', 'PaulGonzález@gmail.com', '5524 Eighth Drive, Baltimore', '4155992684');

INSERT INTO users (first_name, last_name, email, address, phone)
VALUES ('Kevin', 'López', 'KevinLópez@gmail.com', '5233 Elm Drive, Baltimore', '4155992685');

INSERT INTO users (first_name, last_name, email, address, phone)
VALUES ('Linda', 'Rodríguez', 'LindaRodríguez@gmail.com', '5202 View Drive, Baltimore', '4155992686');

INSERT INTO users (first_name, last_name, email, address, phone)
VALUES ('Karen', 'Pérez', 'KarenPérez@gmail.com', '4974 Washington Drive, Baltimore', '4155992687');

INSERT INTO users (first_name, last_name, email, address, phone)
VALUES ('Sarah', 'Sánchez', 'SarahSánchez@gmail.com', '4908 Ninth Drive, Baltimore', '4155992688');

INSERT INTO users (first_name, last_name, email, address, phone)
VALUES ('Michael', 'Ramírez', 'MichaelRamírez@gmail.com', '4901 Lake Drive, Baltimore', '4155992689');

INSERT INTO users (first_name, last_name, email, address, phone)
VALUES ('Mark', 'Flores', 'MarkFlores@gmail.com', '4877 Hill Drive, Baltimore', '4155992690');

INSERT INTO users (first_name, last_name, email, address, phone)
VALUES ('Leslie', 'García', 'LeslieGarcía@gmail.com', '6103 Dancer Drive, Baltimore', '4155992705');

INSERT INTO users (first_name, last_name, email, address, phone)
VALUES ('Lewis', 'Rodríguez', 'LewisRodríguez@gmail.com', '5202 View Drive, Baltimore', '4155992775');

#########################

# customer support user
INSERT INTO users (first_name, last_name, email, address, phone)
VALUES ('Anne', 'Stewart', 'anne.stewart@bookfetchinc.com', '201 Hospital Drive', '775-555-0130');

INSERT INTO users (first_name, last_name, email, address, phone)
VALUES ('Austin', 'Morgan', 'austin.morgan@bookfetchinc.com', '2223 Canterbury Drive', '775-555-0127');

INSERT INTO users (first_name, last_name, email, address, phone)
VALUES ('Boris', 'McGrath', 'boris.mcgrath@bookfetchinc.com', '2 West Lakeshore Drive', '775-555-0197');

INSERT INTO users (first_name, last_name, email, address, phone)
VALUES ('Caroline', 'Roberts', 'caroline.roberts@bookfetchinc.com', '1001 East 100 North', '775-555-0143');

INSERT INTO users (first_name, last_name, email, address, phone)
VALUES ('Dan', 'Martin', 'dan.martin@bookfetchinc.com', '1 West Lakeshore Drive', '775-555-0171');

INSERT INTO users (first_name, last_name, email, address, phone)
VALUES ('Jack', 'Allan', 'jack.allan@bookfetchinc.com', '2221 Canterbury Drive', '775-555-0145');

INSERT INTO users (first_name, last_name, email, address, phone)
VALUES ('Joan', 'Lawrence', 'joan.lawrence@bookfetchinc.com', '2222 Canterbury Drive', '775-555-0142');

INSERT INTO users (first_name, last_name, email, address, phone)
VALUES ('Joshua', 'Vaughan', 'joshua.vaughan@bookfetchinc.com', '2 West Lakeshore Drive', '775-555-0172');

INSERT INTO users (first_name, last_name, email, address, phone)
VALUES ('Julian', 'Rees', 'julian.rees@bookfetchinc.com', '600 Caisson Hill Road', '775-555-0193');

INSERT INTO users (first_name, last_name, email, address, phone)
VALUES ('Karen', 'Parsons', 'karen.parsons@bookfetchinc.com', '2221 Canterbury Drive', '775-555-0191');

INSERT INTO users (first_name, last_name, email, address, phone)
VALUES ('Kevin', 'Carr', 'kevin.carr@bookfetchinc.com', '602 Caisson Hill Road', '775-555-0172');

INSERT INTO users (first_name, last_name, email, address, phone)
VALUES ('Lauren', 'Mathis', 'lauren.mathis@bookfetchinc.com', '2220 Canterbury Drive', '775-555-0175');

INSERT INTO users (first_name, last_name, email, address, phone)
VALUES ('Lauren', 'Tucker', 'lauren.tucker@bookfetchinc.com', '3 West Lakeshore Drive', '775-555-0152');

INSERT INTO users (first_name, last_name, email, address, phone)
VALUES ('Lucas', 'Rampling', 'lucas.rampling@bookfetchinc.com', '2222 Canterbury Drive', '775-555-0188');

INSERT INTO users (first_name, last_name, email, address, phone)
VALUES ('Nicola', 'Simpson', 'nicola.simpson@bookfetchinc.com', '601 Caisson Hill Road', '775-555-0164');

INSERT INTO users (first_name, last_name, email, address, phone)
VALUES ('Nicola', 'Roberts', 'nicola.roberts@bookfetchinc.com', '2223 Canterbury Drive', '775-555-0198');

INSERT INTO users (first_name, last_name, email, address, phone)
VALUES ('Peter', 'Clarkson', 'peter.clarkson@bookfetchinc.com', '200 Hospital Drive', '775-555-0167');

INSERT INTO users (first_name, last_name, email, address, phone)
VALUES ('Ryan', 'Robertson', 'ryan.robertson@bookfetchinc.com', '1000 East 100 North', '775-555-0141');

INSERT INTO users (first_name, last_name, email, address, phone)
VALUES ('Zoe', 'Sharp', 'zoe.sharp@bookfetchinc.com', '2222 Canterbury Drive', '775-555-0172');

INSERT INTO users (first_name, last_name, email, address, phone)
VALUES ('Benjamin', 'Vaughan', 'benjamin.vaughan@bookfetchinc.com', '2550 Livingston Road', '775-555-0189');

#########################

# administrator
INSERT INTO users (first_name, last_name, email, address, phone)
VALUES ('Andrew', 'Bower', 'andrew.bower@bookfetchinc.com', '2312 M street, NW Suite 503', '7755550105');

INSERT INTO users (first_name, last_name, email, address, phone)
VALUES ('Anthony', 'Grant', 'anthony.grant@bookfetchinc.com', '2315 M street, NW Suite 503', '775-555-0105');

INSERT INTO users (first_name, last_name, email, address, phone)
VALUES ('Benjamin', 'Dyer', 'benjamin.dyer@bookfetchinc.com', '308 Langdon Street', '775-555-0106');

INSERT INTO users (first_name, last_name, email, address, phone)
VALUES ('Connor', 'Black', 'connor.black@bookfetchinc.com', '305 Langdon Street', '775-555-0158');

INSERT INTO users (first_name, last_name, email, address, phone)
VALUES ('Donna', 'Scott', 'donna.scott@bookfetchinc.com', '102 South 1st Street', '775-555-0112');

INSERT INTO users (first_name, last_name, email, address, phone)
VALUES ('Heather', 'Powell', 'heather.powell@bookfetchinc.com', '2311 M street, NW Suite 503', '775-555-0104');

INSERT INTO users (first_name, last_name, email, address, phone)
VALUES ('Jack', 'Chapman', 'jack.chapman@bookfetchinc.com', '104 South 1st Street', '775-555-0197');

INSERT INTO users (first_name, last_name, email, address, phone)
VALUES ('James', 'White', 'james.white@bookfetchinc.com', '103 South 1st Street', '775-555-0199');

INSERT INTO users (first_name, last_name, email, address, phone)
VALUES ('James', 'Bell', 'james.bell@bookfetchinc.com', '105 South 1st Street', '775-555-0196');

INSERT INTO users (first_name, last_name, email, address, phone)
VALUES ('Lily', 'Randall', 'lily.randall@bookfetchinc.com', '2549 Livingston Road', '775-555-0192');

INSERT INTO users (first_name, last_name, email, address, phone)
VALUES ('Neil', 'Hodges', 'neil.hodges@bookfetchinc.com', '2551 Livingston Road', '775-555-0175');

INSERT INTO users (first_name, last_name, email, address, phone)
VALUES ('Penelope', 'Ferguson', 'penelope.ferguson@bookfetchinc.com', '101 South 1st Street', '775-555-0118');

INSERT INTO users (first_name, last_name, email, address, phone)
VALUES ('Peter', 'Rees', 'peter.rees@bookfetchinc.com', '2313 M street, NW Suite 503', '775-555-0150');

INSERT INTO users (first_name, last_name, email, address, phone)
VALUES ('Phil', 'Skinner', 'phil.skinner@bookfetchinc.com', '2552 Livingston Road', '775-555-0197');

INSERT INTO users (first_name, last_name, email, address, phone)
VALUES ('Rachel', 'Ball', 'rachel.ball@bookfetchinc.com', '306 Langdon Street', '775-555-0162');

INSERT INTO users (first_name, last_name, email, address, phone)
VALUES ('Sean', 'Berry', 'sean.berry@bookfetchinc.com', '309 Langdon Street', '775-555-0130');

INSERT INTO users (first_name, last_name, email, address, phone)
VALUES ('Stephanie', 'Clarkson', 'stephanie.clarkson@bookfetchinc.com', '307 Langdon Street', '775-555-0185');

INSERT INTO users (first_name, last_name, email, address, phone)
VALUES ('Tracey', 'Ogden', 'tracey.ogden@bookfetchinc.com', '2314 M street, NW Suite 503', '775-555-0128');

INSERT INTO users (first_name, last_name, email, address, phone)
VALUES ('Victor', 'Hill', 'victor.hill@bookfetchinc.com', '2548 Livingston Road', '775-555-0176');

#############################################################

# Insert employee specific information into table employee

# customer support user
INSERT INTO employee(email, gender, salary, ssn)
VALUES ('anne.stewart@bookfetchinc.com', 'Female', 20000, '520-70-7858');

INSERT INTO employee(email, gender, salary, ssn)
VALUES ('austin.morgan@bookfetchinc.com', 'Male', 20000, '530-70-2952');

INSERT INTO employee(email, gender, salary, ssn)
VALUES ('boris.mcgrath@bookfetchinc.com', 'Male', 20000, '394-70-1951');

INSERT INTO employee(email, gender, salary, ssn)
VALUES ('caroline.roberts@bookfetchinc.com', 'Female', 20000, '520-70-7859');

INSERT INTO employee(email, gender, salary, ssn)
VALUES ('dan.martin@bookfetchinc.com', 'Male', 20000, '530-70-2948');

INSERT INTO employee(email, gender, salary, ssn)
VALUES ('jack.allan@bookfetchinc.com', 'Male', 20000, '520-70-7855');

INSERT INTO employee(email, gender, salary, ssn)
VALUES ('joan.lawrence@bookfetchinc.com', 'Male', 20000, '520-70-7856');

INSERT INTO employee(email, gender, salary, ssn)
VALUES ('joshua.vaughan@bookfetchinc.com', 'Male', 20000, '530-70-2949');

INSERT INTO employee(email, gender, salary, ssn)
VALUES ('joshua.lee@bookfetchinc.com', 'Male', 20000, '394-70-1952');

INSERT INTO employee(email, gender, salary, ssn)
VALUES ('julian.rees@bookfetchinc.com', 'Female', 20000, '394-70-1948');

INSERT INTO employee(email, gender, salary, ssn)
VALUES ('karen.parsons@bookfetchinc.com', 'Female', 20000, '530-70-2950');

INSERT INTO employee(email, gender, salary, ssn)
VALUES ('kevin.carr@bookfetchinc.com', 'Male', 40000, '530-70-2953');

INSERT INTO employee(email, gender, salary, ssn)
VALUES ('lauren.mathis@bookfetchinc.com', 'Female', 20000, '520-70-7854');

INSERT INTO employee(email, gender, salary, ssn)
VALUES ('lauren.tucker@bookfetchinc.com', 'Female', 40000, '520-70-7860');

INSERT INTO employee(email, gender, salary, ssn)
VALUES ('lucas.rampling@bookfetchinc.com', 'Male', 20000, '530-70-2951');

INSERT INTO employee(email, gender, salary, ssn)
VALUES ('nicola.simpson@bookfetchinc.com', 'Female', 20000, '520-70-7857');

INSERT INTO employee(email, gender, salary, ssn)
VALUES ('nicola.roberts@bookfetchinc.com', 'Female', 40000, '394-70-1954');

INSERT INTO employee(email, gender, salary, ssn)
VALUES ('peter.clarkson@bookfetchinc.com', 'Male', 20000, '394-70-1949');

INSERT INTO employee(email, gender, salary, ssn)
VALUES ('ryan.robertson@bookfetchinc.com', 'Male', 20000, '394-70-1950');

INSERT INTO employee(email, gender, salary, ssn)
VALUES ('zoe.sharp@bookfetchinc.com', 'Female', 40000, '394-70-1953');

############################

# administrator
INSERT INTO employee(email, gender, salary, ssn)
VALUES ('andrew.bower@bookfetchinc.com', 'Male', 50000, '394-70-2351');

INSERT INTO employee(email, gender, salary, ssn)
VALUES ('anthony.grant@bookfetchinc.com', 'Male', 50000, '394-70-2355');

INSERT INTO employee(email, gender, salary, ssn)
VALUES ('benjamin.dyer@bookfetchinc.com', 'Male', 60000, '394-70-2354');

INSERT INTO employee(email, gender, salary, ssn)
VALUES ('connor.black@bookfetchinc.com', 'Male', 50000, '394-70-2350');

INSERT INTO employee(email, gender, salary, ssn)
VALUES ('donna.scott@bookfetchinc.com', 'Female', 50000, '768-32-1433');

INSERT INTO employee(email, gender, salary, ssn)
VALUES ('heather.powell@bookfetchinc.com', 'Female', 50000, '768-32-1432');

INSERT INTO employee(email, gender, salary, ssn)
VALUES ('jack.chapman@bookfetchinc.com', 'Male', 60000, '234-45-1936');

INSERT INTO employee(email, gender, salary, ssn)
VALUES ('james.white@bookfetchinc.com', 'Male', 50000, '394-70-2352');

INSERT INTO employee(email, gender, salary, ssn)
VALUES ('james.bell@bookfetchinc.com', 'Male', 60000, '768-32-1437');

INSERT INTO employee(email, gender, salary, ssn)
VALUES ('lily.randall@bookfetchinc.com', 'Female', 50000, '234-45-1933');

INSERT INTO employee(email, gender, salary, ssn)
VALUES ('neil.hodges@bookfetchinc.com', 'Male', 60000, '394-70-2353');

INSERT INTO employee(email, gender, salary, ssn)
VALUES ('penelope.ferguson@bookfetchinc.com', 'Female', 50000, '234-45-1932');

INSERT INTO employee(email, gender, salary, ssn)
VALUES ('peter.rees@bookfetchinc.com', 'Male', 50000, '234-45-1935');

INSERT INTO employee(email, gender, salary, ssn)
VALUES ('phil.skinner@bookfetchinc.com', 'Male', 60000, '234-45-1937');

INSERT INTO employee(email, gender, salary, ssn)
VALUES ('rachel.ball@bookfetchinc.com', 'Female', 50000, '234-45-1934');

INSERT INTO employee(email, gender, salary, ssn)
VALUES ('sean.berry@bookfetchinc.com', 'Male', 50000, '234-45-1938');

INSERT INTO employee(email, gender, salary, ssn)
VALUES ('stephanie.clarkson@bookfetchinc.com', 'Female', 50000, '768-32-1435');

INSERT INTO employee(email, gender, salary, ssn)
VALUES ('tracey.ogden@bookfetchinc.com', 'Female', 60000, '768-32-1436');

INSERT INTO employee(email, gender, salary, ssn)
VALUES ('victor.hill@bookfetchinc.com', 'Male', 50000, '394-70-2349');

INSERT INTO employee(email, gender, salary, ssn)
VALUES ('benjamin.vaughan@bookfetchinc.com', 'Male', 50000, '768-32-1434');

#############################################################

# Insert customer support user information into table customer_support_user

INSERT INTO customer_support_user(email)
VALUES ('anne.stewart@bookfetchinc.com');

INSERT INTO customer_support_user(email)
VALUES ('austin.morgan@bookfetchinc.com');

INSERT INTO customer_support_user(email)
VALUES ('boris.mcgrath@bookfetchinc.com');

INSERT INTO customer_support_user(email)
VALUES ('caroline.roberts@bookfetchinc.com');

INSERT INTO customer_support_user(email)
VALUES ('dan.martin@bookfetchinc.com');

INSERT INTO customer_support_user(email)
VALUES ('jack.allan@bookfetchinc.com');

INSERT INTO customer_support_user(email)
VALUES ('joan.lawrence@bookfetchinc.com');

INSERT INTO customer_support_user(email)
VALUES ('joshua.vaughan@bookfetchinc.com');

INSERT INTO customer_support_user(email)
VALUES ('joshua.lee@bookfetchinc.com');

INSERT INTO customer_support_user(email)
VALUES ('julian.rees@bookfetchinc.com');

INSERT INTO customer_support_user(email)
VALUES ('karen.parsons@bookfetchinc.com');

INSERT INTO customer_support_user(email)
VALUES ('kevin.carr@bookfetchinc.com');

INSERT INTO customer_support_user(email)
VALUES ('lauren.mathis@bookfetchinc.com');

INSERT INTO customer_support_user(email)
VALUES ('lauren.tucker@bookfetchinc.com');

INSERT INTO customer_support_user(email)
VALUES ('lucas.rampling@bookfetchinc.com');

INSERT INTO customer_support_user(email)
VALUES ('nicola.simpson@bookfetchinc.com');

INSERT INTO customer_support_user(email)
VALUES ('nicola.roberts@bookfetchinc.com');

INSERT INTO customer_support_user(email)
VALUES ('peter.clarkson@bookfetchinc.com');

INSERT INTO customer_support_user(email)
VALUES ('ryan.robertson@bookfetchinc.com');

INSERT INTO customer_support_user(email)
VALUES ('zoe.sharp@bookfetchinc.com');

#############################################################

# Insert administrator information into table administrator

INSERT INTO administrator(email, is_super)
VALUES ('andrew.bower@bookfetchinc.com', false);

INSERT INTO administrator(email, is_super)
VALUES ('anthony.grant@bookfetchinc.com', false);

INSERT INTO administrator(email, is_super)
VALUES ('benjamin.dyer@bookfetchinc.com', false);

INSERT INTO administrator(email, is_super)
VALUES ('connor.black@bookfetchinc.com', false);

INSERT INTO administrator(email, is_super)
VALUES ('donna.scott@bookfetchinc.com', false);

INSERT INTO administrator(email, is_super)
VALUES ('heather.powell@bookfetchinc.com', false);

INSERT INTO administrator(email, is_super)
VALUES ('jack.chapman@bookfetchinc.com', false);

INSERT INTO administrator(email, is_super)
VALUES ('james.white@bookfetchinc.com', false);

INSERT INTO administrator(email, is_super)
VALUES ('james.bell@bookfetchinc.com', false);

INSERT INTO administrator(email, is_super)
VALUES ('lily.randall@bookfetchinc.com', false);

INSERT INTO administrator(email, is_super)
VALUES ('neil.hodges@bookfetchinc.com', false);

INSERT INTO administrator(email, is_super)
VALUES ('penelope.ferguson@bookfetchinc.com', false);

INSERT INTO administrator(email, is_super)
VALUES ('peter.rees@bookfetchinc.com', false);

INSERT INTO administrator(email, is_super)
VALUES ('phil.skinner@bookfetchinc.com', false);

INSERT INTO administrator(email, is_super)
VALUES ('rachel.ball@bookfetchinc.com', false);

INSERT INTO administrator(email, is_super)
VALUES ('sean.berry@bookfetchinc.com', false);

INSERT INTO administrator(email, is_super)
VALUES ('stephanie.clarkson@bookfetchinc.com', false);

INSERT INTO administrator(email, is_super)
VALUES ('tracey.ogden@bookfetchinc.com', false);

INSERT INTO administrator(email, is_super)
VALUES ('victor.hill@bookfetchinc.com', false);

# One super admin
INSERT INTO administrator(email, is_super)
VALUES ('benjamin.vaughan@bookfetchinc.com', true);

#############################################################

# Insert universities into table university
INSERT INTO university(univ_name, address)
VALUES ('Towson', '8000 York Rd, Towson, MD 21252');

INSERT INTO university(univ_name, address)
VALUES ('UMCP', 'College Park, MD 20742');

INSERT INTO university(univ_name, address)
VALUES ('UMBC', '1000 Hilltop Cir, Baltimore, MD 21250');
#############################################################

# Insert student specific information into table student

INSERT INTO student(email, birth_date, major, student_status, student_year, univ_name)
VALUES ('JamesTremblay@gmail.com', '1992-1-4', 'English', 'UnderGrad', 1, 'Towson');

INSERT INTO student(email, birth_date, major, student_status, student_year, univ_name)
VALUES ('ChristopherRoy@gmail.com', '1992-4-24', 'English', 'UnderGrad', 3, 'Towson');

INSERT INTO student(email, birth_date, major, student_status, student_year, univ_name)
VALUES ('RonaldGagnon@gmail.com', '1991-6-30', 'English', 'UnderGrad', 2, 'Towson');

INSERT INTO student(email, birth_date, major, student_status, student_year, univ_name)
VALUES ('MaryCôté@gmail.com', '1990-9-4', 'English', 'UnderGrad', 3, 'Towson');

INSERT INTO student(email, birth_date, major, student_status, student_year, univ_name)
VALUES ('LisaBouchard@gmail.com', '1989-11-9', 'English', 'UnderGrad', 4, 'Towson');

INSERT INTO student(email, birth_date, major, student_status, student_year, univ_name)
VALUES ('MichelleGauthier@gmail.com', '1989-1-14', 'English', 'UnderGrad', 2, 'Towson');

INSERT INTO student(email, birth_date, major, student_status, student_year, univ_name)
VALUES ('JohnMorin@gmail.com', '1988-3-21', 'English', 'UnderGrad', 1, 'Towson');

INSERT INTO student(email, birth_date, major, student_status, student_year, univ_name)
VALUES ('DanielLavoie@gmail.com', '1987-5-27', 'English', 'UnderGrad', 4, 'UMBC');

INSERT INTO student(email, birth_date, major, student_status, student_year, univ_name)
VALUES ('AnthonyFortin@gmail.com', '1986-8-1', 'Computer Science', 'UnderGrad', 2, 'UMBC');

INSERT INTO student(email, birth_date, major, student_status, student_year, univ_name)
VALUES ('PatriciaGagné@gmail.com', '1985-10-6', 'Computer Science', 'Grad', 3, 'UMBC');

INSERT INTO student(email, birth_date, major, student_status, student_year, univ_name)
VALUES ('NancyMartínez@gmail.com', '1984-12-11', 'History', 'Grad', 4, 'UMBC');

INSERT INTO student(email, birth_date, major, student_status, student_year, univ_name)
VALUES ('LauraGarcía@gmail.com', '1984-2-16', 'History', 'Grad', 2, 'UMBC');

INSERT INTO student(email, birth_date, major, student_status, student_year, univ_name)
VALUES ('RobertHernandez@gmail.com', '1983-4-23', 'History', 'Grad', 3, 'UMBC');

INSERT INTO student(email, birth_date, major, student_status, student_year, univ_name)
VALUES ('PaulGonzález@gmail.com', '1982-6-28', 'History', 'Grad', 1, 'UMBC');

INSERT INTO student(email, birth_date, major, student_status, student_year, univ_name)
VALUES ('KevinLópez@gmail.com', '1981-9-2', 'Sociology', 'Grad', 2, 'UMBC');

INSERT INTO student(email, birth_date, major, student_status, student_year, univ_name)
VALUES ('LindaRodríguez@gmail.com', '1980-11-7', 'Sociology', 'Grad', 3, 'UMBC');

INSERT INTO student(email, birth_date, major, student_status, student_year, univ_name)
VALUES ('KarenPérez@gmail.com', '1980-1-13', 'Sociology', 'Grad', 5, 'UMCP');

INSERT INTO student(email, birth_date, major, student_status, student_year, univ_name)
VALUES ('SarahSánchez@gmail.com', '1979-3-20', 'Sociology', 'Grad', 2, 'UMCP');

INSERT INTO student(email, birth_date, major, student_status, student_year, univ_name)
VALUES ('MichaelRamírez@gmail.com', '1978-5-25', 'Sociology', 'Grad', 4, 'UMCP');

INSERT INTO student(email, birth_date, major, student_status, student_year, univ_name)
VALUES ('MarkFlores@gmail.com', '1977-7-30', 'History', 'Grad', 2, 'UMCP');

INSERT INTO student(email, birth_date, major, student_status, student_year, univ_name)
VALUES ('LeslieGarcía@gmail.com', '1984-2-16', 'History', 'Grad', 2, 'UMBC');

INSERT INTO student(email, birth_date, major, student_status, student_year, univ_name)
VALUES ('LewisRodríguez@gmail.com', '1980-11-7', 'Sociology', 'Grad', 3, 'UMBC');

#############################################################

# Insert department information into department table

INSERT INTO department(dept_name, univ_name)
VALUES ('Visual Arts', 'Towson');

INSERT INTO department(dept_name, univ_name)
VALUES ('Visual Arts', 'UMCP');

INSERT INTO department(dept_name, univ_name)
VALUES ('Mathematics and Statistics', 'Towson');

INSERT INTO department(dept_name, univ_name)
VALUES ('Mechanical Engineering', 'Towson');

INSERT INTO department(dept_name, univ_name)
VALUES ('English Language Institute', 'UMBC');

INSERT INTO department(dept_name, univ_name)
VALUES ('Management of Aging Services', 'Towson');

INSERT INTO department(dept_name, univ_name)
VALUES ('Philosophy', 'Towson');

INSERT INTO department(dept_name, univ_name)
VALUES ('Emergency Health Services', 'UMBC');

INSERT INTO department(dept_name, univ_name)
VALUES ('Media and Communication Studies', 'Towson');

INSERT INTO department(dept_name, univ_name)
VALUES ('Pre-Allied Health', 'UMCP');

INSERT INTO department(dept_name, univ_name)
VALUES ('Music', 'Towson');

INSERT INTO department(dept_name, univ_name)
VALUES ('Modern Languages, Linguistics and Intercultural Communication', 'Towson');

INSERT INTO department(dept_name, univ_name)
VALUES ('Judaic Studies', 'Towson');

INSERT INTO department(dept_name, univ_name)
VALUES ('Computer Science and Electrical Engineering', 'UMBC');

INSERT INTO department(dept_name, univ_name)
VALUES ('English', 'UMBC');

INSERT INTO department(dept_name, univ_name)
VALUES ('Economics', 'UMBC');

INSERT INTO department(dept_name, univ_name)
VALUES ('Social Work', 'UMCP');

INSERT INTO department(dept_name, univ_name)
VALUES ('Pre-Law', 'UMCP');

INSERT INTO department(dept_name, univ_name)
VALUES ('Theatre', 'UMCP');

INSERT INTO department(dept_name, univ_name)
VALUES ('Sociology', 'UMCP');

INSERT INTO department(dept_name, univ_name)
VALUES ('Psychology', 'UMCP');

INSERT INTO department(dept_name, univ_name)
VALUES ('Dance', 'UMBC');

INSERT INTO department(dept_name, univ_name)
VALUES ('Pre-Medicine and Pre-Dentistry', 'UMCP');

INSERT INTO department(dept_name, univ_name)
VALUES ('Business Technology Administration', 'UMBC');

INSERT INTO department(dept_name, univ_name)
VALUES ('Chemical, Biochemical & Environmental Engineering', 'UMBC');

INSERT INTO department(dept_name, univ_name)
VALUES ('Religious Studies', 'UMCP');

INSERT INTO department(dept_name, univ_name)
VALUES ('Education', 'UMBC');

INSERT INTO department(dept_name, univ_name)
VALUES ('Chemistry and Biochemistry', 'UMBC');

##############################################################

# Insert touble ticket information into table trouble_ticket

INSERT INTO trouble_ticket(ticket_id, state, category, date_logged, title, description,
					creator_name, creator_type, customer_support_user_name, administrator_name, solution)
VALUES ('T121', 'new', 'userprofile', '2014-10-24', 'forgotten password', 
		'password needs to be reset after verification', 'John', 'student', 'Joan', null, null);

INSERT INTO trouble_ticket(ticket_id, state, category, date_logged, title, description,
					creator_name, creator_type, customer_support_user_name, administrator_name, solution)
VALUES ('T120', 'new', 'products', '2014-8-31', 'pages missing from the book', 
		'chapter 5 of the book i ordered is missing', 'Kevin', 'student', 'Joan', null, null);

INSERT INTO trouble_ticket(ticket_id, state, category, date_logged, title, description,
					creator_name, creator_type, customer_support_user_name, administrator_name, solution)
VALUES ('T101', 'new', 'userprofile', '2014-7-15', 'unable to log in', 
		'password reset needed', 'Mark', 'student', 'Patricia', null, null);
  
INSERT INTO trouble_ticket(ticket_id, state, category, date_logged, title, description,
					creator_name, creator_type, customer_support_user_name, administrator_name, solution)
VALUES ('T102', 'new', 'products', '2014-8-23', 'bad / damaged product recieved', 
		null, 'Michael', 'student', 'Julian', null, null);

INSERT INTO trouble_ticket(ticket_id, state, category, date_logged, title, description,
					creator_name, creator_type, customer_support_user_name, administrator_name, solution)
VALUES ('T114', 'new', 'userprofile', '2014-9-5', 'unable to edit details on profile', 
		null, 'Michael', 'student', 'Julian', null, null);
        
INSERT INTO trouble_ticket(ticket_id, state, category, date_logged, title, description,
					creator_name, creator_type, customer_support_user_name, administrator_name, solution)
VALUES ('T104', 'new', 'orders', '2014-10-5', 'order not recieved', 
		'i have still not recieved my order. it has been 10 days', 'Paul', 'student', 'Julian', null, null);

INSERT INTO trouble_ticket(ticket_id, state, category, date_logged, title, description,
					creator_name, creator_type, customer_support_user_name, administrator_name, solution)
VALUES ('T103', 'new', 'cart', '2014-2-4', 'cart not updating', 
		'cant delete stuff from the cart', 'Nancy', 'student', 'Julian', null, null);

INSERT INTO trouble_ticket(ticket_id, state, category, date_logged, title, description,
					creator_name, creator_type, customer_support_user_name, administrator_name, solution)
VALUES ('T103', 'assigned', 'cart', '2014-2-5', 'cart not updating', 
		'cant delete stuff from the cart', 'Nancy', 'student', 'Julian', 'Stephanie', null);

INSERT INTO trouble_ticket(ticket_id, state, category, date_logged, title, description,
					creator_name, creator_type, customer_support_user_name, administrator_name, solution)
VALUES ('T106', 'new', 'userprofile', '2014-8-5', 'password lost', 
		null, 'Robert', 'student', 'Julian', null, null);

INSERT INTO trouble_ticket(ticket_id, state, category, date_logged, title, description,
					creator_name, creator_type, customer_support_user_name, administrator_name, solution)
VALUES ('T106', 'assigned', 'userprofile', '2014-8-6', 'password lost', 
		null, 'Robert', 'student', 'Julian', 'Stephanie', null);
        
INSERT INTO trouble_ticket(ticket_id, state, category, date_logged, title, description,
					creator_name, creator_type, customer_support_user_name, administrator_name, solution)
VALUES ('T106', 'in-process', 'userprofile', '2014-8-7', 'password lost', 
		null, 'Robert', 'student', 'Julian', 'Stephanie', null);
        
INSERT INTO trouble_ticket(ticket_id, state, category, date_logged, title, description,
					creator_name, creator_type, customer_support_user_name, administrator_name, solution)
VALUES ('T106', 'completed', 'userprofile', '2014-8-9', 'password lost', 
		null, 'Robert', 'student', 'Julian', 'Stephanie', 'new password issued');
        
INSERT INTO trouble_ticket(ticket_id, state, category, date_logged, title, description,
					creator_name, creator_type, customer_support_user_name, administrator_name, solution)
VALUES ('T103', 'in-process', 'cart', '2014-2-6', 'cart not updating', 
		'cant delete stuff from the cart', 'Nancy', 'student', 'Julian', 'Stephanie', null);

INSERT INTO trouble_ticket(ticket_id, state, category, date_logged, title, description,
					creator_name, creator_type, customer_support_user_name, administrator_name, solution)
VALUES ('T121', 'assigned', 'userprofile', '2014-10-25', 'forgotten password', 
		'password needs to be reset after verification', 'John', 'student', 'Joan', 'Peter', null);

INSERT INTO trouble_ticket(ticket_id, state, category, date_logged, title, description,
					creator_name, creator_type, customer_support_user_name, administrator_name, solution)
VALUES ('T100', 'new', 'orders', '2014-10-24', 'bug in orders', 
		'1 order got cancelled automatically', 'Dan', 'customer_support_user', 'Dan', null, null);
        
INSERT INTO trouble_ticket(ticket_id, state, category, date_logged, title, description,
					creator_name, creator_type, customer_support_user_name, administrator_name, solution)
VALUES ('T100', 'assigned', 'orders', '2014-10-24', 'bug in orders', 
		'1 order got cancelled automatically', 'Dan', 'customer_support_user', 'Dan', 'Anthony', null);

INSERT INTO trouble_ticket(ticket_id, state, category, date_logged, title, description,
					creator_name, creator_type, customer_support_user_name, administrator_name, solution)
VALUES ('T130', 'new', 'cart', '2014-12-1', 'proposed maintance work', 
		'yearly update scheduled', 'Kevin', 'customer_support_user', 'Kevin', null, null);
        

###############################################################

# Insert instructor information into instructor table

INSERT INTO instructor(instr_email, first_name, last_name, dept_name, univ_name)
VALUES ('julia.lambert@towson.edu', 'Julia', 'Lambert', 'Visual Arts', 'Towson');

INSERT INTO instructor(instr_email, first_name, last_name, dept_name, univ_name)
VALUES ('jessica.glover@umcp.edu', 'Jessica', 'Glover', 'Visual Arts', 'UMCP');

INSERT INTO instructor(instr_email, first_name, last_name, dept_name, univ_name)
VALUES ('connor.edmunds@towson.edu', 'Connor', 'Edmunds', 'Mathematics and Statistics', 'Towson');

INSERT INTO instructor(instr_email, first_name, last_name, dept_name, univ_name)
VALUES ('ian.gibson@towson.edu', 'Ian', 'Gibson', 'Mechanical Engineering', 'Towson');

INSERT INTO instructor(instr_email, first_name, last_name, dept_name, univ_name)
VALUES ('alexander.clarkson@umbc.edu', 'Alexander', 'Clarkson', 'English Language Institute', 'UMBC');

INSERT INTO instructor(instr_email, first_name, last_name, dept_name, univ_name)
VALUES ('felicity.buckland@towson.edu', 'Felicity', 'Buckland', 'Management of Aging Services', 'Towson');

INSERT INTO instructor(instr_email, first_name, last_name, dept_name, univ_name)
VALUES ('lucas.payne@towson.edu', 'Lucas', 'Payne', 'Philosophy', 'Towson');

INSERT INTO instructor(instr_email, first_name, last_name, dept_name, univ_name)
VALUES ('emma.kelly@umbc.edu', 'Emma', 'Kelly', 'Emergency Health Services', 'UMBC');

INSERT INTO instructor(instr_email, first_name, last_name, dept_name, univ_name)
VALUES ('amelia.cameron@towson.edu', 'Amelia', 'Cameron', 'Media and Communication Studies', 'Towson');

INSERT INTO instructor(instr_email, first_name, last_name, dept_name, univ_name)
VALUES ('isaac.anderson@umcp.edu', 'Isaac', 'Anderson', 'Pre-Allied Health', 'UMCP');

INSERT INTO instructor(instr_email, first_name, last_name, dept_name, univ_name)
VALUES ('una.oliver@towson.edu', 'Una', 'Oliver', 'Music', 'Towson');

INSERT INTO instructor(instr_email, first_name, last_name, dept_name, univ_name)
VALUES ('lily.burgess@towson.edu', 'Lily', 'Burgess', 'Modern Languages, Linguistics and Intercultural Communication', 'Towson');

INSERT INTO instructor(instr_email, first_name, last_name, dept_name, univ_name)
VALUES ('piers.gray@towson.edu', 'Piers', 'Gray', 'Judaic Studies', 'Towson');

INSERT INTO instructor(instr_email, first_name, last_name, dept_name, univ_name)
VALUES ('harry.mills@umbc.edu', 'Harry', 'Mills', 'Computer Science and Electrical Engineering', 'UMBC');

INSERT INTO instructor(instr_email, first_name, last_name, dept_name, univ_name)
VALUES ('fiona.hamilton@umbc.edu', 'Fiona', 'Hamilton', 'English', 'UMBC');

INSERT INTO instructor(instr_email, first_name, last_name, dept_name, univ_name)
VALUES ('yvonne.wilkins@umbc.edu', 'Yvonne', 'Wilkins', 'Economics', 'UMBC');

INSERT INTO instructor(instr_email, first_name, last_name, dept_name, univ_name)
VALUES ('piers.peters@umcp.edu', 'Piers', 'Peters', 'Social Work', 'UMCP');

INSERT INTO instructor(instr_email, first_name, last_name, dept_name, univ_name)
VALUES ('hannah.bond@umcp.edu', 'Hannah', 'Bond', 'Pre-Law', 'UMCP');

INSERT INTO instructor(instr_email, first_name, last_name, dept_name, univ_name)
VALUES ('mary.ogden@umcp.edu', 'Mary', 'Ogden', 'Theatre', 'UMCP');

INSERT INTO instructor(instr_email, first_name, last_name, dept_name, univ_name)
VALUES ('richard.clark@umcp.edu', 'Richard', 'Clark', 'Sociology', 'UMCP');

INSERT INTO instructor(instr_email, first_name, last_name, dept_name, univ_name)
VALUES ('colin.nolan@umcp.edu', 'Colin', 'Nolan', 'Psychology', 'UMCP');

INSERT INTO instructor(instr_email, first_name, last_name, dept_name, univ_name)
VALUES ('sean.lee@umbc.edu', 'Sean', 'Lee', 'Dance', 'UMBC');

INSERT INTO instructor(instr_email, first_name, last_name, dept_name, univ_name)
VALUES ('leonard.wilkins@umcp.edu', 'Leonard', 'Wilkins', 'Pre-Medicine and Pre-Dentistry', 'UMCP');

INSERT INTO instructor(instr_email, first_name, last_name, dept_name, univ_name)
VALUES ('stephen.manning@umbc.edu', 'Stephen', 'Manning', 'Business Technology Administration', 'UMBC');

INSERT INTO instructor(instr_email, first_name, last_name, dept_name, univ_name)
VALUES ('jake.jackson@umbc.edu', 'Jake', 'Jackson', 'Chemical, Biochemical & Environmental Engineering', 'UMBC');

INSERT INTO instructor(instr_email, first_name, last_name, dept_name, univ_name)
VALUES ('amanda.blake@umcp.edu', 'Amanda', 'Blake', 'Religious Studies', 'UMCP');

INSERT INTO instructor(instr_email, first_name, last_name, dept_name, univ_name)
VALUES ('justin.turner@umbc.edu', 'Justin', 'Turner', 'Education', 'UMBC');

INSERT INTO instructor(instr_email, first_name, last_name, dept_name, univ_name)
VALUES ('brian.lambert@umbc.edu', 'Brian', 'Lambert', 'Chemistry and Biochemistry', 'UMBC');

###############################################################

# Insert course into course table

INSERT INTO course(course_name, course_year, semester, dept_name, univ_name, instr_email)
VALUES ('Acrylic painting', '2014', 'Fall', 'Visual Arts', 'Towson', 'julia.lambert@towson.edu');

INSERT INTO course(course_name, course_year, semester, dept_name, univ_name, instr_email)
VALUES ('Acrylic painting', '2014', 'Fall', 'Visual Arts', 'Towson', 'jessica.glover@umcp.edu');

INSERT INTO course(course_name, course_year, semester, dept_name, univ_name, instr_email)
VALUES ('linear algebra', '2014', 'Fall', 'Mathematics and Statistics', 'Towson', 'connor.edmunds@towson.edu');

INSERT INTO course(course_name, course_year, semester, dept_name, univ_name, instr_email)
VALUES ('Wing Design', '2014', 'Fall', 'Mechanical Engineering', 'Towson', 'ian.gibson@towson.edu');

INSERT INTO course(course_name, course_year, semester, dept_name, univ_name, instr_email)
VALUES ('English and International Students', '2014', 'Fall', 'English Language Institute', 'UMBC', 'alexander.clarkson@umbc.edu');

INSERT INTO course(course_name, course_year, semester, dept_name, univ_name, instr_email)
VALUES ('Health and Age', '2014', 'Fall', 'Management of Aging Services', 'Towson', 'felicity.buckland@towson.edu');

INSERT INTO course(course_name, course_year, semester, dept_name, univ_name, instr_email)
VALUES ('Ancient Greek Philosophy', '2014', 'Fall', 'Philosophy', 'Towson', 'lucas.payne@towson.edu');

INSERT INTO course(course_name, course_year, semester, dept_name, univ_name, instr_email)
VALUES ('Vaccination', '2014', 'Fall', 'Emergency Health Services', 'UMBC', 'emma.kelly@umbc.edu');

INSERT INTO course(course_name, course_year, semester, dept_name, univ_name, instr_email)
VALUES ('Print Journalism ', '2014', 'Fall', 'Media and Communication Studies', 'Towson', 'amelia.cameron@towson.edu');

INSERT INTO course(course_name, course_year, semester, dept_name, univ_name, instr_email)
VALUES ('Introduction to Academic Reading', '2014', 'Fall', 'Pre-Allied Health', 'UMCP', 'isaac.anderson@umcp.edu');

INSERT INTO course(course_name, course_year, semester, dept_name, univ_name, instr_email)
VALUES ('Music in Medivial Times', '2014', 'Fall', 'Music', 'Towson', 'una.oliver@towson.edu');

INSERT INTO course(course_name, course_year, semester, dept_name, univ_name, instr_email)
VALUES ('The Field of Intercultural Communication', '2014', 'Fall', 'Modern Languages, Linguistics and Intercultural Communication', 'Towson', 'lily.burgess@towson.edu');

INSERT INTO course(course_name, course_year, semester, dept_name, univ_name, instr_email)
VALUES ('Israel and the Ancient Near East', '2014', 'Fall', 'Judaic Studies', 'Towson', 'piers.gray@towson.edu');

INSERT INTO course(course_name, course_year, semester, dept_name, univ_name, instr_email)
VALUES ('Operating System', '2014', 'Fall', 'Computer Science and Electrical Engineering', 'UMBC', 'harry.mills@umbc.edu');

INSERT INTO course(course_name, course_year, semester, dept_name, univ_name, instr_email)
VALUES ('Adverbs', '2014', 'Fall', 'English', 'UMBC', 'fiona.hamilton@umbc.edu');

INSERT INTO course(course_name, course_year, semester, dept_name, univ_name, instr_email)
VALUES ('Microeconomics', '2014', 'Spring', 'Economics', 'UMBC', 'yvonne.wilkins@umbc.edu');

INSERT INTO course(course_name, course_year, semester, dept_name, univ_name, instr_email)
VALUES ('History and Philosophy of Social Work and Social Welfare', '2014', 'Winter', 'Social Work', 'UMCP', 'piers.peters@umcp.edu');

INSERT INTO course(course_name, course_year, semester, dept_name, univ_name, instr_email)
VALUES ('Music in Ancient Times', '2014', 'Fall', 'Music', 'Towson', 'una.oliver@towson.edu');

INSERT INTO course(course_name, course_year, semester, dept_name, univ_name, instr_email)
VALUES ('Principles of Sociology', '2014', 'Fall', 'Pre-Law', 'UMCP', 'hannah.bond@umcp.edu');

INSERT INTO course(course_name, course_year, semester, dept_name, univ_name, instr_email)
VALUES ('Production Practicum', '2014', 'Winter', 'Theatre', 'UMCP', 'mary.ogden@umcp.edu');

INSERT INTO course(course_name, course_year, semester, dept_name, univ_name, instr_email)
VALUES ('Culture in America', '2014', 'Winter', 'Sociology', 'UMCP', 'richard.clark@umcp.edu');

INSERT INTO course(course_name, course_year, semester, dept_name, univ_name, instr_email)
VALUES ('Introduction to Psychology', '2014', 'Winter', 'Psychology', 'UMCP', 'colin.nolan@umcp.edu');

INSERT INTO course(course_name, course_year, semester, dept_name, univ_name, instr_email)
VALUES ('Salsa', '2014', 'Fall', 'Dance', 'UMBC', 'sean.lee@umbc.edu');

INSERT INTO course(course_name, course_year, semester, dept_name, univ_name, instr_email)
VALUES ('Rocket Propulsion', '2014', 'Fall', 'Mechanical Engineering', 'Towson', 'ian.gibson@towson.edu');

INSERT INTO course(course_name, course_year, semester, dept_name, univ_name, instr_email)
VALUES ('Human Anatomy', '2014', 'Fall', 'Pre-Medicine and Pre-Dentistry', 'UMCP', 'leonard.wilkins@umcp.edu');

INSERT INTO course(course_name, course_year, semester, dept_name, univ_name, instr_email)
VALUES ('Econometrics', '2014', 'Winter', 'Business Technology Administration', 'UMBC', 'stephen.manning@umbc.edu');

INSERT INTO course(course_name, course_year, semester, dept_name, univ_name, instr_email)
VALUES ('Organic Chemistry', '2014', 'Winter', 'Chemical, Biochemical & Environmental Engineering', 'UMBC', 'jake.jackson@umbc.edu');

INSERT INTO course(course_name, course_year, semester, dept_name, univ_name, instr_email)
VALUES ('Christianity', '2014', 'Winter', 'Religious Studies', 'UMCP', 'amanda.blake@umcp.edu');

INSERT INTO course(course_name, course_year, semester, dept_name, univ_name, instr_email)
VALUES ('Macroeconomics', '2014', 'Fall', 'Economics', 'UMBC', 'yvonne.wilkins@umbc.edu');

INSERT INTO course(course_name, course_year, semester, dept_name, univ_name, instr_email)
VALUES ('Teaching 101', '2014', 'Fall', 'Education', 'UMBC', 'justin.turner@umbc.edu');

INSERT INTO course(course_name, course_year, semester, dept_name, univ_name, instr_email)
VALUES ('Biochemistry', '2014', 'Fall', 'Chemistry and Biochemistry', 'UMBC', 'brian.lambert@umbc.edu');

###############################################################

# Insert cart into cart table

INSERT INTO cart(date_created, last_updated, student_email)
VALUES ('2014-10-2', '2014-10-3', 'ChristopherRoy@gmail.com');

INSERT INTO cart(date_created, last_updated, student_email)
VALUES ('2014-10-2', '2014-10-3', 'RonaldGagnon@gmail.com');

INSERT INTO cart(date_created, last_updated, student_email)
VALUES ('2014-10-2', '2014-10-3', 'MaryCôté@gmail.com');

INSERT INTO cart(date_created, last_updated, student_email)
VALUES ('2014-10-3', '2014-10-4', 'LisaBouchard@gmail.com');

INSERT INTO cart(date_created, last_updated, student_email)
VALUES ('2014-10-4', '2014-10-5', 'MichelleGauthier@gmail.com');

INSERT INTO cart(date_created, last_updated, student_email)
VALUES ('2014-9-8', '2014-12-15', 'LauraGarcía@gmail.com');

INSERT INTO cart(date_created, last_updated, student_email)
VALUES ('2014-11-7', '2014-12-16', 'PaulGonzález@gmail.com');

INSERT INTO cart(date_created, last_updated, student_email)
VALUES ('2014-5-1', '2014-10-14', 'LindaRodríguez@gmail.com');

INSERT INTO cart(date_created, last_updated, student_email)
VALUES ('2014-1-1', '2014-6-17', 'SarahSánchez@gmail.com');

INSERT INTO cart(date_created, last_updated, student_email)
VALUES ('2014-1-2', '2014-2-7', 'MarkFlores@gmail.com');

INSERT INTO cart(date_created, last_updated, student_email)
VALUES ('2014-1-1', '2014-3-5', 'LeslieGarcía@gmail.com');

INSERT INTO cart(date_created, last_updated, student_email)
VALUES ('2014-11-5', '2014-11-5', 'PatriciaGagné@gmail.com');

INSERT INTO cart(date_created, last_updated, student_email)
VALUES ('2014-1-2', '2014-2-1', 'KarenPérez@gmail.com');

INSERT INTO cart(date_created, last_updated, student_email)
VALUES ('2014-1-1', '2014-3-5', 'LewisRodríguez@gmail.com');

################################################################

# Insert book into book table

INSERT INTO book(isbn, isbn13, book_type, purchase_type, price, quantity, title, publisher, publish_date,
			edition_number, book_lang, book_format, weight, rating)
VALUES ('321558235', '978-0321558237', 'new', 'buy', 3.45, 10, 'Acrylic Painting Step by Step: Discover all the basics and a range of special techniques for creating your own masterpieces in acrylic',
		'Benjamin Cummings', '2009', 9, 'English', 'hardcover', 0.3, 4.5);

INSERT INTO book(isbn, isbn13, book_type, purchase_type, price, quantity, title, publisher, publish_date,
			edition_number, book_lang, book_format, weight, rating)
VALUES ('15672234225', '978-15066068498', 'old', 'rent', 13, 4, 'linear algebra',
		'Saunders', '2002', 4, 'English', 'paperback', 0.43, 3.5);        

INSERT INTO book(isbn, isbn13, book_type, purchase_type, price, quantity, title, publisher, publish_date,
			edition_number, book_lang, book_format, weight, rating)
VALUES ('16853055455', '978-16200261595', 'old', 'rent', 17, 3, 'Understanding Flight',
		'Touchstone', '2001', 4, 'English', 'paperback', 0.23, 3);

INSERT INTO book(isbn, isbn13, book_type, purchase_type, price, quantity, title, publisher, publish_date,
			edition_number, book_lang, book_format, weight, rating)
VALUES ('12129770535', '978-11663489207', 'new', 'rent', 19, 4, 'English Made Easy Volume One: Learning English through Pictures',
		'Worth Publishers', '2002', 5, 'English', 'paperback', .8, 4);

INSERT INTO book(isbn, isbn13, book_type, purchase_type, price, quantity, title, publisher, publish_date,
			edition_number, book_lang, book_format, weight, rating)
VALUES ('14491412995', '978-13931875401', 'old', 'rent', 19.83, 3, 'The New Politics of Old Age Policy',
		'Plume', '2002', 4, 'English', 'paperback', 0.56, 4.5);

INSERT INTO book(isbn, isbn13, book_type, purchase_type, price, quantity, title, publisher, publish_date,
			edition_number, book_lang, book_format, weight, rating)
VALUES ('21576340375', '978-20737033983', 'old', 'rent', 20, 2, 'Ancient Greek Philosophy: From the Presocratics to the Hellenistic Philosophers',
		'Benjamin Cummings', '1995', 3, 'English', 'paperback', 0.3, 4);

INSERT INTO book(isbn, isbn13, book_type, purchase_type, price, quantity, title, publisher, publish_date,
			edition_number, book_lang, book_format, weight, rating)
VALUES ('9768128075', '978-9395103013', 'new', 'rent', 20, 6, 'Epidemiology and Prevention of Vaccine-Preventable Diseases',
		'Touchstone', '2002', 5, 'English', 'hardcover', 0.9, 4);

INSERT INTO book(isbn, isbn13, book_type, purchase_type, price, quantity, title, publisher, publish_date,
			edition_number, book_lang, book_format, weight, rating)
VALUES ('18033876685', '978-17334454692', 'old', 'rent', 20, 2, 'Fearless Editing: Crafting Words and Images for Print, Web, and Public Relations',
		'Benjamin Cummings', '1993', 4, 'English', 'paperback', 0.6, 3.5);

INSERT INTO book(isbn, isbn13, book_type, purchase_type, price, quantity, title, publisher, publish_date,
			edition_number, book_lang, book_format, weight, rating)
VALUES ('22757161605', '978-21871227080', 'old', 'rent', 20, 3, 'Pearson Textbook Reader: Reading in Applied and Academic Fields',
		'McDougal Littel', '1990', 3, 'English', 'paperback', 0.9, 4);

INSERT INTO book(isbn, isbn13, book_type, purchase_type, price, quantity, title, publisher, publish_date,
			edition_number, book_lang, book_format, weight, rating)
VALUES ('20395519145', '978-19602840886', 'old', 'rent', 20, 3, 'The Development of Western Music: A History',
		'Mosby', '1987', 6, 'English', 'paperback', 0.4, 4.5);

INSERT INTO book(isbn, isbn13, book_type, purchase_type, price, quantity, title, publisher, publish_date,
			edition_number, book_lang, book_format, weight, rating)
VALUES ('19214697915', '978-18468647789', 'old', 'rent', 20, 6, 'Understanding Intercultural Communication',
		'Jerry Wyant', '1996', 4, 'English', 'paperback', 0.3, 4.5);

INSERT INTO book(isbn, isbn13, book_type, purchase_type, price, quantity, title, publisher, publish_date,
			edition_number, book_lang, book_format, weight, rating)
VALUES ('13310591765', '978-12797682304', 'new', 'rent', 20.33, 6, 'A Conceptual Approach to the Mekilta',
		'Mosby', '2002', 5, 'English', 'paperback', 1.933333333, 4.5);

INSERT INTO book(isbn, isbn13, book_type, purchase_type, price, quantity, title, publisher, publish_date,
			edition_number, book_lang, book_format, weight, rating)
VALUES ('5044843155', '978-4858330625', 'new', 'buy', 23, 35, 'Modern Operating Systems',
		'Plume', '2009', 5, 'English', 'hardcover', 0.8833333333, 3);

INSERT INTO book(isbn, isbn13, book_type, purchase_type, price, quantity, title, publisher, publish_date,
			edition_number, book_lang, book_format, weight, rating)
VALUES ('10948949305', '978-10529296110', 'new', 'rent', 25, 2, 'McGraw-Hill Handbook of English Grammar and Usage',
		'Benjamin Cummings', '2002', 5, 'English', 'hardcover', 0.8, 4);

INSERT INTO book(isbn, isbn13, book_type, purchase_type, price, quantity, title, publisher, publish_date,
			edition_number, book_lang, book_format, weight, rating)
VALUES ('18742369423', '978-5992523722', 'new', 'buy', 34, 12, 'Principles of Economics',
		'Cengage Learning', '1993', 6, 'English', 'hardcover', 1, 4.5);

INSERT INTO book(isbn, isbn13, book_type, purchase_type, price, quantity, title, publisher, publish_date,
			edition_number, book_lang, book_format, weight, rating)
VALUES ('28661267755', '978-27542192565', 'old', 'buy', 34, 3, 'Ethical Issues in Social Work (Professional Ethics)',
		'Amazon Digital Services, Inc.', '2003', 2, 'English', 'electronic', 0, 3.5);

INSERT INTO book(isbn, isbn13, book_type, purchase_type, price, quantity, title, publisher, publish_date,
			edition_number, book_lang, book_format, weight, rating)
VALUES ('19568944284', '978-13931875402', 'new', 'buy', 41, 29, 'Music in Ancient Greece and Rome',
		'McDougal Littel', '2001', 1, 'English', 'paperback', 2, 3);

INSERT INTO book(isbn, isbn13, book_type, purchase_type, price, quantity, title, publisher, publish_date,
			edition_number, book_lang, book_format, weight, rating)
VALUES ('23937982835', '978-23005420177', 'old', 'buy', 45, 2, 'Sociology: A Brief Introduction',
		'Amazon Digital Services, Inc.', '1993', 3, 'English', 'electronic', 0, 4);

INSERT INTO book(isbn, isbn13, book_type, purchase_type, price, quantity, title, publisher, publish_date,
			edition_number, book_lang, book_format, weight, rating)
VALUES ('1592575129', '978-1592575121', 'new', 'buy', 54, 26, 'The Humongous Book of linear algebra Problems',
		'ALPHA', '2007', 1, 'English', 'hardcover', 3, 3);

INSERT INTO book(isbn, isbn13, book_type, purchase_type, price, quantity, title, publisher, publish_date,
			edition_number, book_lang, book_format, weight, rating)
VALUES ('31022910215', '978-29810578759', 'old', 'buy', 54, 5, 'The Art of Theatrical Design: Elements of Visual Composition, Methods, and Practice',
		'Amazon Digital Services, Inc.', '2012', 2, 'English', 'electronic', 0, 4.5);

INSERT INTO book(isbn, isbn13, book_type, purchase_type, price, quantity, title, publisher, publish_date,
			edition_number, book_lang, book_format, weight, rating)
VALUES ('29842088985', '978-28676385662', 'old', 'buy', 56, 4, 'Lies My Teacher Told Me: Everything Your American History Textbook Got Wrong',
		'Amazon Digital Services, Inc.', '2001', 2, 'English', 'electronic', 0, 3.5);

INSERT INTO book(isbn, isbn13, book_type, purchase_type, price, quantity, title, publisher, publish_date,
			edition_number, book_lang, book_format, weight, rating)
VALUES ('26299625295', '978-25273806371', 'old', 'buy', 56, 7, 'Psychology',
		'Amazon Digital Services, Inc.', '2005', 3, 'English', 'electronic', 0, 2.5);

INSERT INTO book(isbn, isbn13, book_type, purchase_type, price, quantity, title, publisher, publish_date,
			edition_number, book_lang, book_format, weight, rating)
VALUES ('6225664385', '978-5992523723', 'new', 'buy', 57, 10, 'The Great Salsa Book',
		'Mosby', '2006', 5, 'English', 'hardcover', 0.8, 4.5);

INSERT INTO book(isbn, isbn13, book_type, purchase_type, price, quantity, title, publisher, publish_date,
			edition_number, book_lang, book_format, weight, rating)
VALUES ('1563477793', '978-1563477799', 'new', 'buy', 67, 30, 'Elements of Propulsion: Gas Turbines and Rockets',
		'Aiaa', '2006', 4, 'English', 'hardcover', 4, 4);

INSERT INTO book(isbn, isbn13, book_type, purchase_type, price, quantity, title, publisher, publish_date,
			edition_number, book_lang, book_format, weight, rating)
VALUES ('25118804065', '978-24139613274', 'old', 'buy', 78, 4, 'Guyton and Hall Textbook of Medical Physiology',
		'Amazon Digital Services, Inc.', '1999', 3, 'English', 'electronic', 0, 3.5);

INSERT INTO book(isbn, isbn13, book_type, purchase_type, price, quantity, title, publisher, publish_date,
			edition_number, book_lang, book_format, weight, rating)
VALUES ('1502379465', '978-1455751334', 'new', 'buy', 78.54, 20, 'Applied Econometrics',
		'Saunders', '2008', 8, 'English', 'hardcover', 0.4, 4);

INSERT INTO book(isbn, isbn13, book_type, purchase_type, price, quantity, title, publisher, publish_date,
			edition_number, book_lang, book_format, weight, rating)
VALUES ('2683200695', '978-2589944431', 'new', 'buy', 90, 15, 'Organic Chemistry',
		'McDougal Littel', '1967', 1, 'English', 'hardcover', 0.6, 4);

INSERT INTO book(isbn, isbn13, book_type, purchase_type, price, quantity, title, publisher, publish_date,
			edition_number, book_lang, book_format, weight, rating)
VALUES ('27480446525', '978-26407999468', 'old', 'buy', 98, 8, 'Christianity 101: A Textbook of Catholic Theology',
		'Amazon Digital Services, Inc.', '2001', 2, 'English', 'electronic', 0, 3);

INSERT INTO book(isbn, isbn13, book_type, purchase_type, price, quantity, title, publisher, publish_date,
			edition_number, book_lang, book_format, weight, rating)
VALUES ('9470080248', '978-0470080245', 'old', 'buy', 117, 30, 'Rocket Propulsion Elements',
		'Wiley', '2010', 8, 'English', 'hardcover', 4, 5);

INSERT INTO book(isbn, isbn13, book_type, purchase_type, price, quantity, title, publisher, publish_date,
			edition_number, book_lang, book_format, weight, rating)
VALUES ('7406485615', '978-7126716819', 'new', 'buy', 123.11, 10, 'Basic Economics for Students and Non-Students Alike',
		'Benjamin Cummings', '2004', 5, 'English', 'hardcover', 0.8, 4);

INSERT INTO book(isbn, isbn13, book_type, purchase_type, price, quantity, title, publisher, publish_date,
			edition_number, book_lang, book_format, weight, rating)
VALUES ('8587306845', '978-8260909916', 'new', 'buy', 132.5, 5, 'Child Development: An Introduction',
		'Jerry Wyant', '2001', 5, 'English', 'hardcover', 0.8, 4);

INSERT INTO book(isbn, isbn13, book_type, purchase_type, price, quantity, title, publisher, publish_date,
			edition_number, book_lang, book_format, weight, rating)
VALUES ('3864021925', '978-3724137528', 'new', 'buy', 300, 25, 'Textbook of Biochemistry with Clinical Correlations',
		'Saunders', '1991', 5, 'English', 'hardcover', 0.7333333333, 4.5);

INSERT INTO book(isbn, isbn13, book_type, purchase_type, price, quantity, title, publisher, publish_date,
			edition_number, book_lang, book_format, weight, rating)
VALUES ('1476770387', '978-1476770383', 'new', 'buy', 24, 30, 'Revival: A Novel',
		'Scribner', '2014', 1, 'English', 'paperback', 0.5, 3);

INSERT INTO book(isbn, isbn13, book_type, purchase_type, price, quantity, title, publisher, publish_date,
			edition_number, book_lang, book_format, weight, rating)
VALUES ('1476444387', '978-0307743657', 'old', 'buy', 10, 10, 'The shining',
		'Anchor', '2012', 3, 'English', 'paperback', 0.45, 4);

#################################################################

# Insert book review into student_review table

INSERT INTO student_reviews(rating, book_title, student_email)
VALUES (4, 'The Development of Western Music: A History', 'DanielLavoie@gmail.com');

INSERT INTO student_reviews(rating, book_title, student_email)
VALUES (4, 'Modern Operating Systems', 'AnthonyFortin@gmail.com');

INSERT INTO student_reviews(rating, book_title, student_email)
VALUES (4.5, 'Modern Operating Systems', 'PatriciaGagné@gmail.com');

INSERT INTO student_reviews(rating, book_title, student_email)
VALUES (3, 'The Development of Western Music: A History', 'NancyMartínez@gmail.com');

#################################################################

# Insert students into table taking_course

# No data given for student taking courses

##################################################################

# Insert order into the orders table

INSERT INTO orders(student_email, date_created, date_fulfilled, shipping_type, card_num,
				   card_exp, card_name, card_type, order_status)
VALUES ('JamesTremblay@gmail.com', '2014-9-7', '2014-9-11', '1-day', '4.485E+15',
		'2016-3-2', 'card', 'VISA', 'shipped');

INSERT INTO orders(student_email, date_created, date_fulfilled, shipping_type, card_num,
				   card_exp, card_name, card_type, order_status)
VALUES ('KarenPérez@gmail.com', '2014-11-4', '2014-11-4', 'standard', '4.485E+15',
		'2016-3-1', 'card', 'VISA', 'shipped');

INSERT INTO orders(student_email, date_created, date_fulfilled, shipping_type, card_num,
				   card_exp, card_name, card_type, order_status)
VALUES ('MichaelRamírez@gmail.com', '2014-10-6', null, '2-day', '4.55649E+15',
		'2015-5-1', 'plastic', 'VISA', 'shipping');

INSERT INTO orders(student_email, date_created, date_fulfilled, shipping_type, card_num,
				   card_exp, card_name, card_type, order_status)
VALUES ('MarkFlores@gmail.com', '2014-7-4', null, 'standard', '4.92977E+15',
		'2020-9-1', 'creditc', 'MASTERCARD', 'cancelled');

INSERT INTO orders(student_email, date_created, date_fulfilled, shipping_type, card_num,
				   card_exp, card_name, card_type, order_status)
VALUES ('MichaelRamírez@gmail.com', '2014-10-13', null, '1-day', '4.87868E+15',
		'2019-4-1', 'mycard', 'VISA', 'new');

INSERT INTO orders(student_email, date_created, date_fulfilled, shipping_type, card_num,
				   card_exp, card_name, card_type, order_status)
VALUES ('PaulGonzález@gmail.com', '2014-10-6', '2014-10-7', 'standard', '4.485E+15',
		'2016-3-1', 'card', 'VISA', 'shipped');

INSERT INTO orders(student_email, date_created, date_fulfilled, shipping_type, card_num,
				   card_exp, card_name, card_type, order_status)
VALUES ('PaulGonzález@gmail.com', '2014-9-23', '2014-9-24', '1-day', '4.485E+15',
		'2016-3-2', 'card', 'VISA', 'shipped');

INSERT INTO orders(student_email, date_created, date_fulfilled, shipping_type, card_num,
				   card_exp, card_name, card_type, order_status)
VALUES ('PaulGonzález@gmail.com', '2014-10-25', '2014-10-26', '1-day', '4.485E+15',
		'2016-3-3', 'card', 'VISA', 'shipped');

##################################################################

# Insert representative information into representative table

INSERT INTO representative(first_name, last_name, email, gender, phone, snn, univ_name)
VALUES ('Dominic', 'Lambert', 'dominic.lambert@umbc.edu', 'Male', '307-555-0159', '307-55-0159', 'UMBC');

INSERT INTO representative(first_name, last_name, email, gender, phone, snn, univ_name)
VALUES ('Ruth', 'North', 'ruth.north@towson.edu', 'Female', '307-555-0159', '307-55-0159', 'Towson');

INSERT INTO representative(first_name, last_name, email, gender, phone, snn, univ_name)
VALUES ('Victoria', 'Murray', 'victoria.murray@umcp.edu', 'Female', '307-555-0192', '307-55-0192', 'UMCP');


##################################################################

# No recomendations to insert... for now

##################################################################

# Insert course's books into table books_used

INSERT INTO books_used(book_title, course_name, univ_name)
VALUES ('Acrylic Painting Step by Step: Discover all the basics and a range of special techniques for creating your own masterpieces in acrylic',
        'Acrylic painting', 'Towson');

INSERT INTO books_used(book_title, course_name, univ_name)
VALUES ('Acrylic Painting Step by Step: Discover all the basics and a range of special techniques for creating your own masterpieces in acrylic',
        'Acrylic painting', 'UMCP');

INSERT INTO books_used(book_title, course_name, univ_name)
VALUES ('linear algebra',
        'linear algebra', 'Towson');
	
INSERT INTO books_used(book_title, course_name, univ_name)
VALUES ('Understanding Flight',
        'Wing Design', 'Towson');

INSERT INTO books_used(book_title, course_name, univ_name)
VALUES ('English Made Easy Volume One: Learning English through Pictures',
        'English and International Students', 'UMBC');

INSERT INTO books_used(book_title, course_name, univ_name)
VALUES ('The New Politics of Old Age Policy',
        'Health and Age', 'Towson');
        
INSERT INTO books_used(book_title, course_name, univ_name)
VALUES ('Ancient Greek Philosophy: From the Presocratics to the Hellenistic Philosophers',
        'Ancient Greek Philosophy', 'Towson');
        
INSERT INTO books_used(book_title, course_name, univ_name)
VALUES ('Epidemiology and Prevention of Vaccine-Preventable Diseases',
        'Vaccination', 'UMBC');
        
INSERT INTO books_used(book_title, course_name, univ_name)
VALUES ('Fearless Editing: Crafting Words and Images for Print, Web, and Public Relations',
        'Print Journalism', 'Towson');
                
INSERT INTO books_used(book_title, course_name, univ_name)
VALUES ('Pearson Textbook Reader: Reading in Applied and Academic Fields',
        'Introduction to Academic Reading', 'UMCP');
                
INSERT INTO books_used(book_title, course_name, univ_name)
VALUES ('The Development of Western Music: A History',
        'Music in Medivial Times', 'Towson');
                
INSERT INTO books_used(book_title, course_name, univ_name)
VALUES ('Understanding Intercultural Communication',
        'The Field of Intercultural Communication', 'Towson');
                
INSERT INTO books_used(book_title, course_name, univ_name)
VALUES ('A Conceptual Approach to the Mekilta',
        'Israel and the Ancient Near East', 'Towson');
                
INSERT INTO books_used(book_title, course_name, univ_name)
VALUES ('Modern Operating Systems',
        'Operating System', 'UMBC');
                
INSERT INTO books_used(book_title, course_name, univ_name)
VALUES ('McGraw-Hill Handbook of English Grammar and Usage',
        'Adverbs', 'UMBC');
                
INSERT INTO books_used(book_title, course_name, univ_name)
VALUES ('Principles of Economics',
        'Microeconomics', 'UMBC');
                
INSERT INTO books_used(book_title, course_name, univ_name)
VALUES ('Ethical Issues in Social Work (Professional Ethics)',
        'History and Philosophy of Social Work and Social Welfare', 'UMCP');
                
INSERT INTO books_used(book_title, course_name, univ_name)
VALUES ('Music in Ancient Greece and Rome',
        'Music in Ancient Times', 'Towson');
                
INSERT INTO books_used(book_title, course_name, univ_name)
VALUES ('Sociology: A Brief Introduction',
        'Principles of Sociology', 'UMCP');
                
INSERT INTO books_used(book_title, course_name, univ_name)
VALUES ('The Humongous Book of linear algebra Problems',
        'linear algebra', 'Towson');
                
INSERT INTO books_used(book_title, course_name, univ_name)
VALUES ('The Art of Theatrical Design: Elements of Visual Composition, Methods, and Practice',
        'Production Practicum', 'UMCP');
                
INSERT INTO books_used(book_title, course_name, univ_name)
VALUES ('Lies My Teacher Told Me: Everything Your American History Textbook Got Wrong',
        'Culture in America', 'UMCP');
                
INSERT INTO books_used(book_title, course_name, univ_name)
VALUES ('Psychology',
        'Introduction to Psychology', 'UMCP');
                
INSERT INTO books_used(book_title, course_name, univ_name)
VALUES ('The Great Salsa Book',
        'Salsa', 'UMBC');
                
INSERT INTO books_used(book_title, course_name, univ_name)
VALUES ('Elements of Propulsion: Gas Turbines and Rockets',
        'Rocket Propulsion', 'Towson');
                
INSERT INTO books_used(book_title, course_name, univ_name)
VALUES ('Guyton and Hall Textbook of Medical Physiology',
        'Human Anatomy', 'UMCP');
                
INSERT INTO books_used(book_title, course_name, univ_name)
VALUES ('Applied Econometrics',
        'Econometrics', 'UMBC');
                
INSERT INTO books_used(book_title, course_name, univ_name)
VALUES ('Organic Chemistry',
        'Organic Chemistry', 'UMBC');
                
INSERT INTO books_used(book_title, course_name, univ_name)
VALUES ('Christianity 101: A Textbook of Catholic Theology',
        'Christianity', 'UMCP');
                
INSERT INTO books_used(book_title, course_name, univ_name)
VALUES ('Rocket Propulsion Elements',
        'Rocket Propulsion', 'Towson');
                
INSERT INTO books_used(book_title, course_name, univ_name)
VALUES ('Basic Economics for Students and Non-Students Alike',
        'Macroeconomics', 'UMBC');
                
INSERT INTO books_used(book_title, course_name, univ_name)
VALUES ('Child Development: An Introduction',
        'Teaching 101', 'UMBC');
                
INSERT INTO books_used(book_title, course_name, univ_name)
VALUES ('Textbook of Biochemistry with Clinical Correlations',
        'Biochemistry', 'UMBC');
        
###################################################################

# Insert books into table being_purchased

INSERT INTO being_purchased(student_email, book_title, quantity)
VALUES ('ChristopherRoy@gmail.com', 'English Made Easy Volume One: Learning English through Pictures', 1);

INSERT INTO being_purchased(student_email, book_title, quantity)
VALUES ('ChristopherRoy@gmail.com', 'Fearless Editing: Crafting Words and Images for Print, Web, and Public Relations', 1);

INSERT INTO being_purchased(student_email, book_title, quantity)
VALUES ('RonaldGagnon@gmail.com', 'McGraw-Hill Handbook of English Grammar and Usage', 4);

INSERT INTO being_purchased(student_email, book_title, quantity)
VALUES ('RonaldGagnon@gmail.com', 'Fearless Editing: Crafting Words and Images for Print, Web, and Public Relations', 1);

INSERT INTO being_purchased(student_email, book_title, quantity)
VALUES ('MaryCôté@gmail.com', 'English Made Easy Volume One: Learning English through Pictures', 1);

INSERT INTO being_purchased(student_email, book_title, quantity)
VALUES ('LisaBouchard@gmail.com', 'English Made Easy Volume One: Learning English through Pictures', 3);

INSERT INTO being_purchased(student_email, book_title, quantity)
VALUES ('MichelleGauthier@gmail.com', 'English Made Easy Volume One: Learning English through Pictures', 1);

INSERT INTO being_purchased(student_email, book_title, quantity)
VALUES ('LauraGarcía@gmail.com', 'McGraw-Hill Handbook of English Grammar and Usage', 2);

INSERT INTO being_purchased(student_email, book_title, quantity)
VALUES ('LauraGarcía@gmail.com', 'The Development of Western Music: A History', 1);

INSERT INTO being_purchased(student_email, book_title, quantity)
VALUES ('PaulGonzález@gmail.com', 'The Development of Western Music: A History', 1);

INSERT INTO being_purchased(student_email, book_title, quantity)
VALUES ('PaulGonzález@gmail.com', 'McGraw-Hill Handbook of English Grammar and Usage', 1);

INSERT INTO being_purchased(student_email, book_title, quantity)
VALUES ('LindaRodríguez@gmail.com', 'linear algebra', 1);

INSERT INTO being_purchased(student_email, book_title, quantity)
VALUES ('LindaRodríguez@gmail.com', 'Applied Econometrics', 2);

INSERT INTO being_purchased(student_email, book_title, quantity)
VALUES ('SarahSánchez@gmail.com', 'Applied Econometrics', 2);

INSERT INTO being_purchased(student_email, book_title, quantity)
VALUES ('MarkFlores@gmail.com', 'Christianity 101: A Textbook of Catholic Theology', 3);

INSERT INTO being_purchased(student_email, book_title, quantity)
VALUES ('MarkFlores@gmail.com', 'Pearson Textbook Reader: Reading in Applied and Academic Fields', 1);

INSERT INTO being_purchased(student_email, book_title, quantity)
VALUES ('LeslieGarcía@gmail.com', 'linear algebra', 1);

INSERT INTO being_purchased(student_email, book_title, quantity)
VALUES ('LeslieGarcía@gmail.com', 'Applied Econometrics', 2);

INSERT INTO being_purchased(student_email, book_title, quantity)
VALUES ('PatriciaGagné@gmail.com', 'Fearless Editing: Crafting Words and Images for Print, Web, and Public Relations', 1);

INSERT INTO being_purchased(student_email, book_title, quantity)
VALUES ('PatriciaGagné@gmail.com', 'linear algebra', 1);

INSERT INTO being_purchased(student_email, book_title, quantity)
VALUES ('KarenPérez@gmail.com', 'Christianity 101: A Textbook of Catholic Theology', 2);

INSERT INTO being_purchased(student_email, book_title, quantity)
VALUES ('KarenPérez@gmail.com', 'Pearson Textbook Reader: Reading in Applied and Academic Fields', 2);

INSERT INTO being_purchased(student_email, book_title, quantity)
VALUES ('LewisRodríguez@gmail.com', 'linear algebra', 1);

###################################################################

# Insert books into table purchased

INSERT INTO purchased(student_email, book_title, quantity, date_purchased)
VALUES ('JamesTremblay@gmail.com', 'Understanding Intercultural Communication', 1, '2014-9-7');

INSERT INTO purchased(student_email, book_title, quantity, date_purchased)
VALUES ('KarenPérez@gmail.com', 'Psychology', 2, '2014-11-4');

INSERT INTO purchased(student_email, book_title, quantity, date_purchased)
VALUES ('MichaelRamírez@gmail.com', 'Guyton and Hall Textbook of Medical Physiology', 1, '2014-10-6');

INSERT INTO purchased(student_email, book_title, quantity, date_purchased)
VALUES ('MichaelRamírez@gmail.com', 'Modern Operating Systems', 1, '2014-10-6');

INSERT INTO purchased(student_email, book_title, quantity, date_purchased)
VALUES ('MarkFlores@gmail.com', 'Pearson Textbook Reader: Reading in Applied and Academic Fields', 1, '2014-7-4');

INSERT INTO purchased(student_email, book_title, quantity, date_purchased)
VALUES ('MichaelRamírez@gmail.com', 'Modern Operating Systems', 1, '2014-10-13');

INSERT INTO purchased(student_email, book_title, quantity, date_purchased)
VALUES ('PaulGonzález@gmail.com', 'Psychology', 1, '2014-10-6');

INSERT INTO purchased(student_email, book_title, quantity, date_purchased)
VALUES ('PaulGonzález@gmail.com', 'Pearson Textbook Reader: Reading in Applied and Academic Fields', 1, '2014-9-23');

INSERT INTO purchased(student_email, book_title, quantity, date_purchased)
VALUES ('PaulGonzález@gmail.com', 'linear algebra', 1, '2014-10-25');

###################################################################

# Insert subcategories into table categories

INSERT INTO category(book_title, category)
VALUES ('Acrylic Painting Step by Step: Discover all the basics and a range of special techniques for creating your own masterpieces in acrylic',
		'Visual Arts');

INSERT INTO category(book_title, category)
VALUES ('Acrylic Painting Step by Step: Discover all the basics and a range of special techniques for creating your own masterpieces in acrylic',
		'Acrylic painting');

INSERT INTO category(book_title, category)
VALUES ('linear algebra',
		'Mathematics and Statistics');
        
INSERT INTO category(book_title, category)
VALUES ('linear algebra',
		'linear algebra');

INSERT INTO category(book_title, category)
VALUES ('Understanding Flight',
		'Mechanical Engineering');
        
INSERT INTO category(book_title, category)
VALUES ('Understanding Flight',
		'Wing Design');

INSERT INTO category(book_title, category)
VALUES ('English Made Easy Volume One: Learning English through Pictures',
		'English Language Institute');

INSERT INTO category(book_title, category)
VALUES ('English Made Easy Volume One: Learning English through Pictures',
		'English and International Students');

INSERT INTO category(book_title, category)
VALUES ('The New Politics of Old Age Policy',
		'Management of Aging Services');
        
INSERT INTO category(book_title, category)
VALUES ('The New Politics of Old Age Policy',
		'Health and Age');
        
INSERT INTO category(book_title, category)
VALUES ('Ancient Greek Philosophy: From the Presocratics to the Hellenistic Philosophers',
		'Philosophy');
        
INSERT INTO category(book_title, category)
VALUES ('Ancient Greek Philosophy: From the Presocratics to the Hellenistic Philosophers',
		'Ancient Greek Philosophy');
        
INSERT INTO category(book_title, category)
VALUES ('Epidemiology and Prevention of Vaccine-Preventable Diseases',
		'Emergency Health Services');
                
INSERT INTO category(book_title, category)
VALUES ('Epidemiology and Prevention of Vaccine-Preventable Diseases',
		'Vaccination');
                
INSERT INTO category(book_title, category)
VALUES ('Fearless Editing: Crafting Words and Images for Print, Web, and Public Relations',
		'Media and Communication Studies');
                        
INSERT INTO category(book_title, category)
VALUES ('Fearless Editing: Crafting Words and Images for Print, Web, and Public Relations',
		'Print Journalism');
                        
INSERT INTO category(book_title, category)
VALUES ('Pearson Textbook Reader: Reading in Applied and Academic Fields',
		'Pre-Allied Health');
                                
INSERT INTO category(book_title, category)
VALUES ('Pearson Textbook Reader: Reading in Applied and Academic Fields',
		'Introduction to Academic Reading');
 
INSERT INTO category(book_title, category)
VALUES ('The Development of Western Music: A History',
		'Music');
         
INSERT INTO category(book_title, category)
VALUES ('The Development of Western Music: A History',
		'Music in Medivial Times');
         
INSERT INTO category(book_title, category)
VALUES ('Understanding Intercultural Communication',
		'Modern Languages');
                 
INSERT INTO category(book_title, category)
VALUES ('Understanding Intercultural Communication',
		'Linguistics and Intercultural Communication');
                 
INSERT INTO category(book_title, category)
VALUES ('Understanding Intercultural Communication',
		'The Field of Intercultural Communication');
                 
INSERT INTO category(book_title, category)
VALUES ('A Conceptual Approach to the Mekilta',
		'Judaic Studies');
                 
INSERT INTO category(book_title, category)
VALUES ('A Conceptual Approach to the Mekilta',
		'Israel and the Ancient Near East');
                 
INSERT INTO category(book_title, category)
VALUES ('Modern Operating Systems',
		'Computer Science and Electrical Engineering');
                 
INSERT INTO category(book_title, category)
VALUES ('Modern Operating Systems',
		'Operating System');
                         
INSERT INTO category(book_title, category)
VALUES ('McGraw-Hill Handbook of English Grammar and Usage',
		'English');
                         
INSERT INTO category(book_title, category)
VALUES ('McGraw-Hill Handbook of English Grammar and Usage',
		'Adverbs');
                         
INSERT INTO category(book_title, category)
VALUES ('Principles of Economics',
		'Economics');
                         
INSERT INTO category(book_title, category)
VALUES ('Principles of Economics',
		'Microeconomics');
                         
INSERT INTO category(book_title, category)
VALUES ('Ethical Issues in Social Work (Professional Ethics)',
		'Social Work');
                         
INSERT INTO category(book_title, category)
VALUES ('Ethical Issues in Social Work (Professional Ethics)',
		'History and Philosophy of Social Work and Social Welfare');
                         
INSERT INTO category(book_title, category)
VALUES ('Music in Ancient Greece and Rome',
		'Music');
                         
INSERT INTO category(book_title, category)
VALUES ('Music in Ancient Greece and Rome',
		'Music in Ancient Times');
                         
INSERT INTO category(book_title, category)
VALUES ('Sociology: A Brief Introduction',
		'Pre-Law');
                         
INSERT INTO category(book_title, category)
VALUES ('Sociology: A Brief Introduction',
		'Principles of Sociology');
                         
INSERT INTO category(book_title, category)
VALUES ('The Humongous Book of linear algebra Problems',
		'Mathematics and Statistics');
                         
INSERT INTO category(book_title, category)
VALUES ('The Humongous Book of linear algebra Problems',
		'linear algebra');
                         
INSERT INTO category(book_title, category)
VALUES ('The Art of Theatrical Design: Elements of Visual Composition, Methods, and Practice',
		'Theatre');
                         
INSERT INTO category(book_title, category)
VALUES ('The Art of Theatrical Design: Elements of Visual Composition, Methods, and Practice',
		'Production Practicum');
                         
INSERT INTO category(book_title, category)
VALUES ('Lies My Teacher Told Me: Everything Your American History Textbook Got Wrong',
		'Sociology');
                         
INSERT INTO category(book_title, category)
VALUES ('Lies My Teacher Told Me: Everything Your American History Textbook Got Wrong',
		'Culture in America');
                         
INSERT INTO category(book_title, category)
VALUES ('Psychology',
		'Psychology');
                         
INSERT INTO category(book_title, category)
VALUES ('Psychology',
		'Introduction to Psychology');
                                 
INSERT INTO category(book_title, category)
VALUES ('The Great Salsa Book',
		'Dance');
                                 
INSERT INTO category(book_title, category)
VALUES ('The Great Salsa Book',
		'Salsa');
                                 
INSERT INTO category(book_title, category)
VALUES ('Elements of Propulsion: Gas Turbines and Rockets',
		'Mechanical Engineering');
                                 
INSERT INTO category(book_title, category)
VALUES ('Elements of Propulsion: Gas Turbines and Rockets',
		'Rocket Propulsion');
                                 
INSERT INTO category(book_title, category)
VALUES ('Guyton and Hall Textbook of Medical Physiology',
		'Pre-Medicine and Pre-Dentistry');
                                 
INSERT INTO category(book_title, category)
VALUES ('Guyton and Hall Textbook of Medical Physiology',
		'Human Anatomy');
                                 
INSERT INTO category(book_title, category)
VALUES ('Applied Econometrics',
		'Econometrics');
                                 
INSERT INTO category(book_title, category)
VALUES ('Applied Econometrics',
		'Business Technology Administration');
                                 
INSERT INTO category(book_title, category)
VALUES ('Organic Chemistry',
		'Chemical');
                                 
INSERT INTO category(book_title, category)
VALUES ('Organic Chemistry',
		'Biochemical & Environmental Engineering');
                                 
INSERT INTO category(book_title, category)
VALUES ('Organic Chemistry',
		'Organic Chemistry');
                                 
INSERT INTO category(book_title, category)
VALUES ('Christianity 101: A Textbook of Catholic Theology',
		'Religious Studies');
                                 
INSERT INTO category(book_title, category)
VALUES ('Christianity 101: A Textbook of Catholic Theology',
		'Christianity');
                                 
INSERT INTO category(book_title, category)
VALUES ('Rocket Propulsion Elements',
		'Mechanical Engineering');
                                 
INSERT INTO category(book_title, category)
VALUES ('Rocket Propulsion Elements',
		'Rocket Propulsion');
                                 
INSERT INTO category(book_title, category)
VALUES ('Basic Economics for Students and Non-Students Alike',
		'Economics');
                                 
INSERT INTO category(book_title, category)
VALUES ('Basic Economics for Students and Non-Students Alike',
		'Macroeconomics');
                                 
INSERT INTO category(book_title, category)
VALUES ('Child Development: An Introduction',
		'Education');
                                 
INSERT INTO category(book_title, category)
VALUES ('Child Development: An Introduction',
		'Teaching 101');
                                 
INSERT INTO category(book_title, category)
VALUES ('Textbook of Biochemistry with Clinical Correlations',
		'Chemistry and Biochemistry');
                                 
INSERT INTO category(book_title, category)
VALUES ('Textbook of Biochemistry with Clinical Correlations',
		'Biochemistry');
                                 
INSERT INTO category(book_title, category)
VALUES ('Revival: A Novel',
		'Fiction');
                                         
INSERT INTO category(book_title, category)
VALUES ('Revival: A Novel',
		'Thriller');
                                         
INSERT INTO category(book_title, category)
VALUES ('The shining',
		'Fiction');
                                         
INSERT INTO category(book_title, category)
VALUES ('The shining',
		'Thriller');
        
###################################################################

# Insert authors of book into authors table

INSERT INTO authors(author, book_title)
VALUES ('Tom Swimm', 'Acrylic Painting Step by Step: Discover all the basics and a range of special techniques for creating your own masterpieces in acrylic');

INSERT INTO authors(author, book_title)
VALUES ('Ron Larson', 'linear algebra');

INSERT INTO authors(author, book_title)
VALUES ('Scott Eberhardt', 'Understanding Flight');

INSERT INTO authors(author, book_title)
VALUES ('Jonathan Crichton', 'English Made Easy Volume One: Learning English through Pictures');

INSERT INTO authors(author, book_title)
VALUES ('Robert B. Hudson', 'The New Politics of Old Age Policy');

INSERT INTO authors(author, book_title)
VALUES ('Thomas A. Blackson', 'Ancient Greek Philosophy: From the Presocratics to the Hellenistic Philosophers');

INSERT INTO authors(author, book_title)
VALUES ('William Atkinson', 'Epidemiology and Prevention of Vaccine-Preventable Diseases');

INSERT INTO authors(author, book_title)
VALUES ('Charles (Skip) Wolfe', 'Epidemiology and Prevention of Vaccine-Preventable Diseases');

INSERT INTO authors(author, book_title)
VALUES ('Carolyn Dale', 'Fearless Editing: Crafting Words and Images for Print, Web, and Public Relations');

INSERT INTO authors(author, book_title)
VALUES ('Dawn Lee', 'Pearson Textbook Reader: Reading in Applied and Academic Fields');

INSERT INTO authors(author, book_title)
VALUES ('K Stolba', 'The Development of Western Music: A History');

INSERT INTO authors(author, book_title)
VALUES ('Stella Ting-Toomey', 'Understanding Intercultural Communication');

INSERT INTO authors(author, book_title)
VALUES ('Max Kadushin', 'A Conceptual Approach to the Mekilta');

INSERT INTO authors(author, book_title)
VALUES ('Andrew S. Tanenbaum', 'Modern Operating Systems');

INSERT INTO authors(author, book_title)
VALUES ('Larry Beason', 'McGraw-Hill Handbook of English Grammar and Usage');

INSERT INTO authors(author, book_title)
VALUES ('N. Gregory Mankiw', 'Principles of Economics');

INSERT INTO authors(author, book_title)
VALUES ('Richard Hugman', 'Ethical Issues in Social Work (Professional Ethics)');

INSERT INTO authors(author, book_title)
VALUES ('John G Landels', 'Music in Ancient Greece and Rome');

INSERT INTO authors(author, book_title)
VALUES ('Richard T. Schaefer', 'Sociology: A Brief Introduction');

INSERT INTO authors(author, book_title)
VALUES ('Michael Kelley', 'The Humongous Book of linear algebra Problems');

INSERT INTO authors(author, book_title)
VALUES ('Kaoime Malloy', 'The Art of Theatrical Design: Elements of Visual Composition, Methods, and Practice');

INSERT INTO authors(author, book_title)
VALUES ('James W. Loewen', 'Lies My Teacher Told Me: Everything Your American History Textbook Got Wrong');

INSERT INTO authors(author, book_title)
VALUES ('David G. Myers', 'Psychology');

INSERT INTO authors(author, book_title)
VALUES ('Mark Miller', 'The Great Salsa Book');

INSERT INTO authors(author, book_title)
VALUES ('J Mattingly', 'Elements of Propulsion: Gas Turbines and Rockets');

INSERT INTO authors(author, book_title)
VALUES ('John E. Hall', 'Guyton and Hall Textbook of Medical Physiology');

INSERT INTO authors(author, book_title)
VALUES ('Dimitrios Asteriou', 'Applied Econometrics');

INSERT INTO authors(author, book_title)
VALUES ('John E. McMurry', 'Organic Chemistry');

INSERT INTO authors(author, book_title)
VALUES ('Gregory C. Higgins', 'Christianity 101: A Textbook of Catholic Theology');

INSERT INTO authors(author, book_title)
VALUES ('George Sutton', 'Rocket Propulsion Elements');

INSERT INTO authors(author, book_title)
VALUES ('Jerry Wyant', 'Basic Economics for Students and Non-Students Alike');

INSERT INTO authors(author, book_title)
VALUES ('John Santrock', 'Child Development: An Introduction');

INSERT INTO authors(author, book_title)
VALUES ('Thomas M. Devlin', 'Textbook of Biochemistry with Clinical Correlations');

INSERT INTO authors(author, book_title)
VALUES ('Stephen King', 'Revival: A Novel');

INSERT INTO authors(author, book_title)
VALUES ('Stephen King', 'The shining');

####################################################################

# Insert keyword into table keyword
#Jonathan Crichton English Made Easy Volume One: Learning English through Pictures English and International Students

INSERT INTO keyword(book_title, keyword)
VALUES ('Acrylic Painting Step by Step: Discover all the basics and a range of special techniques for creating your own masterpieces in acrylic',
		'Tom');
        
INSERT INTO keyword(book_title, keyword)
VALUES ('Acrylic Painting Step by Step: Discover all the basics and a range of special techniques for creating your own masterpieces in acrylic',
		'Swimm');
        
INSERT INTO keyword(book_title, keyword)
VALUES ('Acrylic Painting Step by Step: Discover all the basics and a range of special techniques for creating your own masterpieces in acrylic',
		'Acrylic');
        
INSERT INTO keyword(book_title, keyword)
VALUES ('Acrylic Painting Step by Step: Discover all the basics and a range of special techniques for creating your own masterpieces in acrylic',
		'Painting');
        
INSERT INTO keyword(book_title, keyword)
VALUES ('Acrylic Painting Step by Step: Discover all the basics and a range of special techniques for creating your own masterpieces in acrylic',
		'Step');

INSERT INTO keyword(book_title, keyword)
VALUES ('Acrylic Painting Step by Step: Discover all the basics and a range of special techniques for creating your own masterpieces in acrylic',
		'by');
        
INSERT INTO keyword(book_title, keyword)
VALUES ('Acrylic Painting Step by Step: Discover all the basics and a range of special techniques for creating your own masterpieces in acrylic',
		'Step:');

INSERT INTO keyword(book_title, keyword)
VALUES ('Acrylic Painting Step by Step: Discover all the basics and a range of special techniques for creating your own masterpieces in acrylic',
		'Discover');

INSERT INTO keyword(book_title, keyword)
VALUES ('Acrylic Painting Step by Step: Discover all the basics and a range of special techniques for creating your own masterpieces in acrylic',
		'all');

INSERT INTO keyword(book_title, keyword)
VALUES ('Acrylic Painting Step by Step: Discover all the basics and a range of special techniques for creating your own masterpieces in acrylic',
		'the');

INSERT INTO keyword(book_title, keyword)
VALUES ('Acrylic Painting Step by Step: Discover all the basics and a range of special techniques for creating your own masterpieces in acrylic',
		'basics');
        
INSERT INTO keyword(book_title, keyword)
VALUES ('Acrylic Painting Step by Step: Discover all the basics and a range of special techniques for creating your own masterpieces in acrylic',
		'and');

INSERT INTO keyword(book_title, keyword)
VALUES ('Acrylic Painting Step by Step: Discover all the basics and a range of special techniques for creating your own masterpieces in acrylic',
		'a');

INSERT INTO keyword(book_title, keyword)
VALUES ('Acrylic Painting Step by Step: Discover all the basics and a range of special techniques for creating your own masterpieces in acrylic',
		'range');
        
INSERT INTO keyword(book_title, keyword)
VALUES ('Acrylic Painting Step by Step: Discover all the basics and a range of special techniques for creating your own masterpieces in acrylic',
		'of');

INSERT INTO keyword(book_title, keyword)
VALUES ('Acrylic Painting Step by Step: Discover all the basics and a range of special techniques for creating your own masterpieces in acrylic',
		'special');

INSERT INTO keyword(book_title, keyword)
VALUES ('Acrylic Painting Step by Step: Discover all the basics and a range of special techniques for creating your own masterpieces in acrylic',
		'techniques');

INSERT INTO keyword(book_title, keyword)
VALUES ('Acrylic Painting Step by Step: Discover all the basics and a range of special techniques for creating your own masterpieces in acrylic',
		'for');

INSERT INTO keyword(book_title, keyword)
VALUES ('Acrylic Painting Step by Step: Discover all the basics and a range of special techniques for creating your own masterpieces in acrylic',
		'creating');        

INSERT INTO keyword(book_title, keyword)
VALUES ('Acrylic Painting Step by Step: Discover all the basics and a range of special techniques for creating your own masterpieces in acrylic',
		'your');

INSERT INTO keyword(book_title, keyword)
VALUES ('Acrylic Painting Step by Step: Discover all the basics and a range of special techniques for creating your own masterpieces in acrylic',
		'own');

INSERT INTO keyword(book_title, keyword)
VALUES ('Acrylic Painting Step by Step: Discover all the basics and a range of special techniques for creating your own masterpieces in acrylic',
		'masterpieces');

INSERT INTO keyword(book_title, keyword)
VALUES ('Acrylic Painting Step by Step: Discover all the basics and a range of special techniques for creating your own masterpieces in acrylic',
		'in');

INSERT INTO keyword(book_title, keyword)
VALUES ('Acrylic Painting Step by Step: Discover all the basics and a range of special techniques for creating your own masterpieces in acrylic',
		'acrylic');

INSERT INTO keyword(book_title, keyword)
VALUES ('Acrylic Painting Step by Step: Discover all the basics and a range of special techniques for creating your own masterpieces in acrylic',
		'Acrylic');

INSERT INTO keyword(book_title, keyword)
VALUES ('Acrylic Painting Step by Step: Discover all the basics and a range of special techniques for creating your own masterpieces in acrylic',
		'painting');

############

INSERT INTO keyword(book_title, keyword)
VALUES ('linear algebra',
		'Ron');
        
INSERT INTO keyword(book_title, keyword)
VALUES ('linear algebra',
		'Larson');

INSERT INTO keyword(book_title, keyword)
VALUES ('linear algebra',
		'linear');

INSERT INTO keyword(book_title, keyword)
VALUES ('linear algebra',
		'algebra');
        
INSERT INTO keyword(book_title, keyword)
VALUES ('linear algebra',
		'linear');

INSERT INTO keyword(book_title, keyword)
VALUES ('linear algebra',
		'algebra');

############

INSERT INTO keyword(book_title, keyword)
VALUES ('Understanding Flight',
		'Eberhardt');

INSERT INTO keyword(book_title, keyword)
VALUES ('Understanding Flight',
		'Understanding');

INSERT INTO keyword(book_title, keyword)
VALUES ('Understanding Flight',
		'Flight');

INSERT INTO keyword(book_title, keyword)
VALUES ('Understanding Flight',
		'Wing');

INSERT INTO keyword(book_title, keyword)
VALUES ('Understanding Flight',
		'Design');

############
        
INSERT INTO keyword(book_title, keyword)
VALUES ('English Made Easy Volume One: Learning English through Pictures',
		'Jonathan');

INSERT INTO keyword(book_title, keyword)
VALUES ('English Made Easy Volume One: Learning English through Pictures',
		'Crichton');

INSERT INTO keyword(book_title, keyword)
VALUES ('English Made Easy Volume One: Learning English through Pictures',
		'English');

INSERT INTO keyword(book_title, keyword)
VALUES ('English Made Easy Volume One: Learning English through Pictures',
		'Made');

INSERT INTO keyword(book_title, keyword)
VALUES ('English Made Easy Volume One: Learning English through Pictures',
		'Easy');

INSERT INTO keyword(book_title, keyword)
VALUES ('English Made Easy Volume One: Learning English through Pictures',
		'Volume');

INSERT INTO keyword(book_title, keyword)
VALUES ('English Made Easy Volume One: Learning English through Pictures',
		'One:');

INSERT INTO keyword(book_title, keyword)
VALUES ('English Made Easy Volume One: Learning English through Pictures',
		'Learning');

INSERT INTO keyword(book_title, keyword)
VALUES ('English Made Easy Volume One: Learning English through Pictures',
		'English');

INSERT INTO keyword(book_title, keyword)
VALUES ('English Made Easy Volume One: Learning English through Pictures',
		'through');

INSERT INTO keyword(book_title, keyword)
VALUES ('English Made Easy Volume One: Learning English through Pictures',
		'Pictures');
        
INSERT INTO keyword(book_title, keyword)
VALUES ('English Made Easy Volume One: Learning English through Pictures',
		'English');

INSERT INTO keyword(book_title, keyword)
VALUES ('English Made Easy Volume One: Learning English through Pictures',
		'and');

INSERT INTO keyword(book_title, keyword)
VALUES ('English Made Easy Volume One: Learning English through Pictures',
		'International');

INSERT INTO keyword(book_title, keyword)
VALUES ('English Made Easy Volume One: Learning English through Pictures',
		'Students');

############

INSERT INTO keyword(book_title, keyword)
VALUES ('The New Politics of Old Age Policy',
	'Robert');

INSERT INTO keyword(book_title, keyword)
VALUES ('The New Politics of Old Age Policy',
	'B.');

INSERT INTO keyword(book_title, keyword)
VALUES ('The New Politics of Old Age Policy',
	'Hudson');

INSERT INTO keyword(book_title, keyword)
VALUES ('The New Politics of Old Age Policy',
	'The');

INSERT INTO keyword(book_title, keyword)
VALUES ('The New Politics of Old Age Policy',
	'New');

INSERT INTO keyword(book_title, keyword)
VALUES ('The New Politics of Old Age Policy',
	'Politics');

INSERT INTO keyword(book_title, keyword)
VALUES ('The New Politics of Old Age Policy',
	'of');

INSERT INTO keyword(book_title, keyword)
VALUES ('The New Politics of Old Age Policy',
	'Old');

INSERT INTO keyword(book_title, keyword)
VALUES ('The New Politics of Old Age Policy',
	'Age');

INSERT INTO keyword(book_title, keyword)
VALUES ('The New Politics of Old Age Policy',
	'Policy');

INSERT INTO keyword(book_title, keyword)
VALUES ('The New Politics of Old Age Policy',
	'Health');

INSERT INTO keyword(book_title, keyword)
VALUES ('The New Politics of Old Age Policy',
	'and');

INSERT INTO keyword(book_title, keyword)
VALUES ('The New Politics of Old Age Policy',
	'Age');

############

INSERT INTO keyword(book_title, keyword)
VALUES ('Ancient Greek Philosophy: From the Presocratics to the Hellenistic Philosophers',
	'Thomas');

INSERT INTO keyword(book_title, keyword)
VALUES ('Ancient Greek Philosophy: From the Presocratics to the Hellenistic Philosophers',
	'A.');

INSERT INTO keyword(book_title, keyword)
VALUES ('Ancient Greek Philosophy: From the Presocratics to the Hellenistic Philosophers',
	'Blackson');

INSERT INTO keyword(book_title, keyword)
VALUES ('Ancient Greek Philosophy: From the Presocratics to the Hellenistic Philosophers',
	'Ancient');

INSERT INTO keyword(book_title, keyword)
VALUES ('Ancient Greek Philosophy: From the Presocratics to the Hellenistic Philosophers',
	'Greek');

INSERT INTO keyword(book_title, keyword)
VALUES ('Ancient Greek Philosophy: From the Presocratics to the Hellenistic Philosophers',
	'Philosophy:');

INSERT INTO keyword(book_title, keyword)
VALUES ('Ancient Greek Philosophy: From the Presocratics to the Hellenistic Philosophers',
	'From');

INSERT INTO keyword(book_title, keyword)
VALUES ('Ancient Greek Philosophy: From the Presocratics to the Hellenistic Philosophers',
	'the');

INSERT INTO keyword(book_title, keyword)
VALUES ('Ancient Greek Philosophy: From the Presocratics to the Hellenistic Philosophers',
	'Presocratics');

INSERT INTO keyword(book_title, keyword)
VALUES ('Ancient Greek Philosophy: From the Presocratics to the Hellenistic Philosophers',
	'to');

INSERT INTO keyword(book_title, keyword)
VALUES ('Ancient Greek Philosophy: From the Presocratics to the Hellenistic Philosophers',
	'the');

INSERT INTO keyword(book_title, keyword)
VALUES ('Ancient Greek Philosophy: From the Presocratics to the Hellenistic Philosophers',
	'Hellenistic');

INSERT INTO keyword(book_title, keyword)
VALUES ('Ancient Greek Philosophy: From the Presocratics to the Hellenistic Philosophers',
	'Philosophers');

INSERT INTO keyword(book_title, keyword)
VALUES ('Ancient Greek Philosophy: From the Presocratics to the Hellenistic Philosophers',
	'Ancient');

INSERT INTO keyword(book_title, keyword)
VALUES ('Ancient Greek Philosophy: From the Presocratics to the Hellenistic Philosophers',
	'Greek');

INSERT INTO keyword(book_title, keyword)
VALUES ('Ancient Greek Philosophy: From the Presocratics to the Hellenistic Philosophers',
	'Philosophy');

############
        
INSERT INTO keyword(book_title, keyword)
VALUES ('Epidemiology and Prevention of Vaccine-Preventable Diseases',
	'William');

INSERT INTO keyword(book_title, keyword)
VALUES ('Epidemiology and Prevention of Vaccine-Preventable Diseases',
	'Atkinson,');

INSERT INTO keyword(book_title, keyword)
VALUES ('Epidemiology and Prevention of Vaccine-Preventable Diseases',
	'Charles');

INSERT INTO keyword(book_title, keyword)
VALUES ('Epidemiology and Prevention of Vaccine-Preventable Diseases',
	'(Skip)');

INSERT INTO keyword(book_title, keyword)
VALUES ('Epidemiology and Prevention of Vaccine-Preventable Diseases',
	'Wolfe');

INSERT INTO keyword(book_title, keyword)
VALUES ('Epidemiology and Prevention of Vaccine-Preventable Diseases',
	'Epidemiology');

INSERT INTO keyword(book_title, keyword)
VALUES ('Epidemiology and Prevention of Vaccine-Preventable Diseases',
	'and');

INSERT INTO keyword(book_title, keyword)
VALUES ('Epidemiology and Prevention of Vaccine-Preventable Diseases',
	'Prevention');

INSERT INTO keyword(book_title, keyword)
VALUES ('Epidemiology and Prevention of Vaccine-Preventable Diseases',
	'of');

INSERT INTO keyword(book_title, keyword)
VALUES ('Epidemiology and Prevention of Vaccine-Preventable Diseases',
	'Vaccine-Preventable');

INSERT INTO keyword(book_title, keyword)
VALUES ('Epidemiology and Prevention of Vaccine-Preventable Diseases',
	'Diseases');

INSERT INTO keyword(book_title, keyword)
VALUES ('Epidemiology and Prevention of Vaccine-Preventable Diseases',
	'Vaccination');

############
        
INSERT INTO keyword(book_title, keyword)
VALUES ('Fearless Editing: Crafting Words and Images for Print, Web, and Public Relations',
	'Carolyn');

INSERT INTO keyword(book_title, keyword)
VALUES ('Fearless Editing: Crafting Words and Images for Print, Web, and Public Relations',
	'Dale');

INSERT INTO keyword(book_title, keyword)
VALUES ('Fearless Editing: Crafting Words and Images for Print, Web, and Public Relations',
	'Fearless');

INSERT INTO keyword(book_title, keyword)
VALUES ('Fearless Editing: Crafting Words and Images for Print, Web, and Public Relations',
	'Editing:');

INSERT INTO keyword(book_title, keyword)
VALUES ('Fearless Editing: Crafting Words and Images for Print, Web, and Public Relations',
	'Crafting');

INSERT INTO keyword(book_title, keyword)
VALUES ('Fearless Editing: Crafting Words and Images for Print, Web, and Public Relations',
	'Words');

INSERT INTO keyword(book_title, keyword)
VALUES ('Fearless Editing: Crafting Words and Images for Print, Web, and Public Relations',
	'and');

INSERT INTO keyword(book_title, keyword)
VALUES ('Fearless Editing: Crafting Words and Images for Print, Web, and Public Relations',
	'Images');

INSERT INTO keyword(book_title, keyword)
VALUES ('Fearless Editing: Crafting Words and Images for Print, Web, and Public Relations',
	'for');

INSERT INTO keyword(book_title, keyword)
VALUES ('Fearless Editing: Crafting Words and Images for Print, Web, and Public Relations',
	'Print,');

INSERT INTO keyword(book_title, keyword)
VALUES ('Fearless Editing: Crafting Words and Images for Print, Web, and Public Relations',
	'Web,');

INSERT INTO keyword(book_title, keyword)
VALUES ('Fearless Editing: Crafting Words and Images for Print, Web, and Public Relations',
	'and');

INSERT INTO keyword(book_title, keyword)
VALUES ('Fearless Editing: Crafting Words and Images for Print, Web, and Public Relations',
	'Public');

INSERT INTO keyword(book_title, keyword)
VALUES ('Fearless Editing: Crafting Words and Images for Print, Web, and Public Relations',
	'Relations');

INSERT INTO keyword(book_title, keyword)
VALUES ('Fearless Editing: Crafting Words and Images for Print, Web, and Public Relations',
	'Print');

INSERT INTO keyword(book_title, keyword)
VALUES ('Fearless Editing: Crafting Words and Images for Print, Web, and Public Relations',
	'Journalism');

############
        
INSERT INTO keyword(book_title, keyword)
VALUES ('Pearson Textbook Reader: Reading in Applied and Academic Fields',
	'Dawn');

INSERT INTO keyword(book_title, keyword)
VALUES ('Pearson Textbook Reader: Reading in Applied and Academic Fields',
	'Lee');

INSERT INTO keyword(book_title, keyword)
VALUES ('Pearson Textbook Reader: Reading in Applied and Academic Fields',
	'Pearson');

INSERT INTO keyword(book_title, keyword)
VALUES ('Pearson Textbook Reader: Reading in Applied and Academic Fields',
	'Textbook');

INSERT INTO keyword(book_title, keyword)
VALUES ('Pearson Textbook Reader: Reading in Applied and Academic Fields',
	'Reader:');

INSERT INTO keyword(book_title, keyword)
VALUES ('Pearson Textbook Reader: Reading in Applied and Academic Fields',
	'Reading');

INSERT INTO keyword(book_title, keyword)
VALUES ('Pearson Textbook Reader: Reading in Applied and Academic Fields',
	'in');

INSERT INTO keyword(book_title, keyword)
VALUES ('Pearson Textbook Reader: Reading in Applied and Academic Fields',
	'Applied');

INSERT INTO keyword(book_title, keyword)
VALUES ('Pearson Textbook Reader: Reading in Applied and Academic Fields',
	'and');

INSERT INTO keyword(book_title, keyword)
VALUES ('Pearson Textbook Reader: Reading in Applied and Academic Fields',
	'Academic');

INSERT INTO keyword(book_title, keyword)
VALUES ('Pearson Textbook Reader: Reading in Applied and Academic Fields',
	'Fields');

INSERT INTO keyword(book_title, keyword)
VALUES ('Pearson Textbook Reader: Reading in Applied and Academic Fields',
	'Introduction');

INSERT INTO keyword(book_title, keyword)
VALUES ('Pearson Textbook Reader: Reading in Applied and Academic Fields',
	'to');

INSERT INTO keyword(book_title, keyword)
VALUES ('Pearson Textbook Reader: Reading in Applied and Academic Fields',
	'Academic');

INSERT INTO keyword(book_title, keyword)
VALUES ('Pearson Textbook Reader: Reading in Applied and Academic Fields',
	'Reading');

############
        
INSERT INTO keyword(book_title, keyword)
VALUES ('The Development of Western Music: A History',
	'Music,Music');

INSERT INTO keyword(book_title, keyword)
VALUES ('The Development of Western Music: A History',
	'in');

INSERT INTO keyword(book_title, keyword)
VALUES ('The Development of Western Music: A History',
	'Medivial');

INSERT INTO keyword(book_title, keyword)
VALUES ('The Development of Western Music: A History',
	'Times');

############
        
INSERT INTO keyword(book_title, keyword)
VALUES ('Understanding Intercultural Communication',
	'Stella');

INSERT INTO keyword(book_title, keyword)
VALUES ('Understanding Intercultural Communication',
	'Ting-Toomey');

INSERT INTO keyword(book_title, keyword)
VALUES ('Understanding Intercultural Communication',
	'Understanding');

INSERT INTO keyword(book_title, keyword)
VALUES ('Understanding Intercultural Communication',
	'Intercultural');

INSERT INTO keyword(book_title, keyword)
VALUES ('Understanding Intercultural Communication',
	'Communication');

INSERT INTO keyword(book_title, keyword)
VALUES ('Understanding Intercultural Communication',
	'The');

INSERT INTO keyword(book_title, keyword)
VALUES ('Understanding Intercultural Communication',
	'Field');

INSERT INTO keyword(book_title, keyword)
VALUES ('Understanding Intercultural Communication',
	'of');

INSERT INTO keyword(book_title, keyword)
VALUES ('Understanding Intercultural Communication',
	'Intercultural');

INSERT INTO keyword(book_title, keyword)
VALUES ('Understanding Intercultural Communication',
	'Communication');

############
        
INSERT INTO keyword(book_title, keyword)
VALUES ('A Conceptual Approach to the Mekilta',
	'Max');

INSERT INTO keyword(book_title, keyword)
VALUES ('A Conceptual Approach to the Mekilta',
	'Kadushin');

INSERT INTO keyword(book_title, keyword)
VALUES ('A Conceptual Approach to the Mekilta',
	'A');

INSERT INTO keyword(book_title, keyword)
VALUES ('A Conceptual Approach to the Mekilta',
	'Conceptual');

INSERT INTO keyword(book_title, keyword)
VALUES ('A Conceptual Approach to the Mekilta',
	'Approach');

INSERT INTO keyword(book_title, keyword)
VALUES ('A Conceptual Approach to the Mekilta',
	'to');

INSERT INTO keyword(book_title, keyword)
VALUES ('A Conceptual Approach to the Mekilta',
	'the');

INSERT INTO keyword(book_title, keyword)
VALUES ('A Conceptual Approach to the Mekilta',
	'Mekilta');

INSERT INTO keyword(book_title, keyword)
VALUES ('A Conceptual Approach to the Mekilta',
	'Israel');

INSERT INTO keyword(book_title, keyword)
VALUES ('A Conceptual Approach to the Mekilta',
	'and');

INSERT INTO keyword(book_title, keyword)
VALUES ('A Conceptual Approach to the Mekilta',
	'the');

INSERT INTO keyword(book_title, keyword)
VALUES ('A Conceptual Approach to the Mekilta',
	'Ancient');

INSERT INTO keyword(book_title, keyword)
VALUES ('A Conceptual Approach to the Mekilta',
	'Near');

INSERT INTO keyword(book_title, keyword)
VALUES ('A Conceptual Approach to the Mekilta',
	'East');

############
        
INSERT INTO keyword(book_title, keyword)
VALUES ('Modern Operating Systems',
	'Andrew');

INSERT INTO keyword(book_title, keyword)
VALUES ('Modern Operating Systems',
	'S.');

INSERT INTO keyword(book_title, keyword)
VALUES ('Modern Operating Systems',
	'Tanenbaum');

INSERT INTO keyword(book_title, keyword)
VALUES ('Modern Operating Systems',
	'Modern');

INSERT INTO keyword(book_title, keyword)
VALUES ('Modern Operating Systems',
	'Operating');

INSERT INTO keyword(book_title, keyword)
VALUES ('Modern Operating Systems',
	'Systems');

INSERT INTO keyword(book_title, keyword)
VALUES ('Modern Operating Systems',
	'Operating');

INSERT INTO keyword(book_title, keyword)
VALUES ('Modern Operating Systems',
	'System');

############
        
INSERT INTO keyword(book_title, keyword)
VALUES ('McGraw-Hill Handbook of English Grammar and Usage',
	'Larry');

INSERT INTO keyword(book_title, keyword)
VALUES ('McGraw-Hill Handbook of English Grammar and Usage',
	'Beason');

INSERT INTO keyword(book_title, keyword)
VALUES ('McGraw-Hill Handbook of English Grammar and Usage',
	'McGraw-Hill');

INSERT INTO keyword(book_title, keyword)
VALUES ('McGraw-Hill Handbook of English Grammar and Usage',
	'Handbook');

INSERT INTO keyword(book_title, keyword)
VALUES ('McGraw-Hill Handbook of English Grammar and Usage',
	'of');

INSERT INTO keyword(book_title, keyword)
VALUES ('McGraw-Hill Handbook of English Grammar and Usage',
	'English');

INSERT INTO keyword(book_title, keyword)
VALUES ('McGraw-Hill Handbook of English Grammar and Usage',
	'Grammar');

INSERT INTO keyword(book_title, keyword)
VALUES ('McGraw-Hill Handbook of English Grammar and Usage',
	'and');

INSERT INTO keyword(book_title, keyword)
VALUES ('McGraw-Hill Handbook of English Grammar and Usage',
	'Usage');

INSERT INTO keyword(book_title, keyword)
VALUES ('McGraw-Hill Handbook of English Grammar and Usage',
	'Adverbs');

############
        
INSERT INTO keyword(book_title, keyword)
VALUES ('Principles of Economics',
	'N.');

INSERT INTO keyword(book_title, keyword)
VALUES ('Principles of Economics',
	'Gregory');

INSERT INTO keyword(book_title, keyword)
VALUES ('Principles of Economics',
	'Mankiw');

INSERT INTO keyword(book_title, keyword)
VALUES ('Principles of Economics',
	'Principles');

INSERT INTO keyword(book_title, keyword)
VALUES ('Principles of Economics',
	'of');

INSERT INTO keyword(book_title, keyword)
VALUES ('Principles of Economics',
	'Economics');

INSERT INTO keyword(book_title, keyword)
VALUES ('Principles of Economics',
	'Microeconomics');

############
        
INSERT INTO keyword(book_title, keyword)
VALUES ('Ethical Issues in Social Work (Professional Ethics)',
	'Richard');

INSERT INTO keyword(book_title, keyword)
VALUES ('Ethical Issues in Social Work (Professional Ethics)',
	'Hugman');

INSERT INTO keyword(book_title, keyword)
VALUES ('Ethical Issues in Social Work (Professional Ethics)',
	'Ethical');

INSERT INTO keyword(book_title, keyword)
VALUES ('Ethical Issues in Social Work (Professional Ethics)',
	'Issues');

INSERT INTO keyword(book_title, keyword)
VALUES ('Ethical Issues in Social Work (Professional Ethics)',
	'in');

INSERT INTO keyword(book_title, keyword)
VALUES ('Ethical Issues in Social Work (Professional Ethics)',
	'Social');

INSERT INTO keyword(book_title, keyword)
VALUES ('Ethical Issues in Social Work (Professional Ethics)',
	'Work');

INSERT INTO keyword(book_title, keyword)
VALUES ('Ethical Issues in Social Work (Professional Ethics)',
	'(Professional');

INSERT INTO keyword(book_title, keyword)
VALUES ('Ethical Issues in Social Work (Professional Ethics)',
	'Ethics)');

INSERT INTO keyword(book_title, keyword)
VALUES ('Ethical Issues in Social Work (Professional Ethics)',
	'History');

INSERT INTO keyword(book_title, keyword)
VALUES ('Ethical Issues in Social Work (Professional Ethics)',
	'and');

INSERT INTO keyword(book_title, keyword)
VALUES ('Ethical Issues in Social Work (Professional Ethics)',
	'Philosophy');

INSERT INTO keyword(book_title, keyword)
VALUES ('Ethical Issues in Social Work (Professional Ethics)',
	'of');

INSERT INTO keyword(book_title, keyword)
VALUES ('Ethical Issues in Social Work (Professional Ethics)',
	'Social');

INSERT INTO keyword(book_title, keyword)
VALUES ('Ethical Issues in Social Work (Professional Ethics)',
	'Work');

INSERT INTO keyword(book_title, keyword)
VALUES ('Ethical Issues in Social Work (Professional Ethics)',
	'and');

INSERT INTO keyword(book_title, keyword)
VALUES ('Ethical Issues in Social Work (Professional Ethics)',
	'Social');

INSERT INTO keyword(book_title, keyword)
VALUES ('Ethical Issues in Social Work (Professional Ethics)',
	'Welfare');

############
        
INSERT INTO keyword(book_title, keyword)
VALUES ('Music in Ancient Greece and Rome',
	'John');

INSERT INTO keyword(book_title, keyword)
VALUES ('Music in Ancient Greece and Rome',
	'G');

INSERT INTO keyword(book_title, keyword)
VALUES ('Music in Ancient Greece and Rome',
	'Landels');

INSERT INTO keyword(book_title, keyword)
VALUES ('Music in Ancient Greece and Rome',
	'Music');

INSERT INTO keyword(book_title, keyword)
VALUES ('Music in Ancient Greece and Rome',
	'in');

INSERT INTO keyword(book_title, keyword)
VALUES ('Music in Ancient Greece and Rome',
	'Ancient');

INSERT INTO keyword(book_title, keyword)
VALUES ('Music in Ancient Greece and Rome',
	'Greece');

INSERT INTO keyword(book_title, keyword)
VALUES ('Music in Ancient Greece and Rome',
	'and');

INSERT INTO keyword(book_title, keyword)
VALUES ('Music in Ancient Greece and Rome',
	'Rome');

INSERT INTO keyword(book_title, keyword)
VALUES ('Music in Ancient Greece and Rome',
	'Music');

INSERT INTO keyword(book_title, keyword)
VALUES ('Music in Ancient Greece and Rome',
	'in');

INSERT INTO keyword(book_title, keyword)
VALUES ('Music in Ancient Greece and Rome',
	'Ancient');

INSERT INTO keyword(book_title, keyword)
VALUES ('Music in Ancient Greece and Rome',
	'Times');

############
        
INSERT INTO keyword(book_title, keyword)
VALUES ('Sociology: A Brief Introduction',
	'Richard');

INSERT INTO keyword(book_title, keyword)
VALUES ('Sociology: A Brief Introduction',
	'T.');

INSERT INTO keyword(book_title, keyword)
VALUES ('Sociology: A Brief Introduction',
	'Schaefer');

INSERT INTO keyword(book_title, keyword)
VALUES ('Sociology: A Brief Introduction',
	'Sociology:');

INSERT INTO keyword(book_title, keyword)
VALUES ('Sociology: A Brief Introduction',
	'A');

INSERT INTO keyword(book_title, keyword)
VALUES ('Sociology: A Brief Introduction',
	'Brief');

INSERT INTO keyword(book_title, keyword)
VALUES ('Sociology: A Brief Introduction',
	'Introduction');

INSERT INTO keyword(book_title, keyword)
VALUES ('Sociology: A Brief Introduction',
	'Principles');

INSERT INTO keyword(book_title, keyword)
VALUES ('Sociology: A Brief Introduction',
	'of');

INSERT INTO keyword(book_title, keyword)
VALUES ('Sociology: A Brief Introduction',
	'Sociology');

############
        
INSERT INTO keyword(book_title, keyword)
VALUES ('The Humongous Book of linear algebra Problems',
	'Michael');

INSERT INTO keyword(book_title, keyword)
VALUES ('The Humongous Book of linear algebra Problems',
	'Kelley');

INSERT INTO keyword(book_title, keyword)
VALUES ('The Humongous Book of linear algebra Problems',
	'The');

INSERT INTO keyword(book_title, keyword)
VALUES ('The Humongous Book of linear algebra Problems',
	'Humongous');

INSERT INTO keyword(book_title, keyword)
VALUES ('The Humongous Book of linear algebra Problems',
	'Book');

INSERT INTO keyword(book_title, keyword)
VALUES ('The Humongous Book of linear algebra Problems',
	'of');

INSERT INTO keyword(book_title, keyword)
VALUES ('The Humongous Book of linear algebra Problems',
	'linear');

INSERT INTO keyword(book_title, keyword)
VALUES ('The Humongous Book of linear algebra Problems',
	'algebra');

INSERT INTO keyword(book_title, keyword)
VALUES ('The Humongous Book of linear algebra Problems',
	'Problems');

INSERT INTO keyword(book_title, keyword)
VALUES ('The Humongous Book of linear algebra Problems',
	'linear');

INSERT INTO keyword(book_title, keyword)
VALUES ('The Humongous Book of linear algebra Problems',
	'algebra');

############
        
INSERT INTO keyword(book_title, keyword)
VALUES ('The Art of Theatrical Design: Elements of Visual Composition, Methods, and Practice',
	'Kaoime');

INSERT INTO keyword(book_title, keyword)
VALUES ('The Art of Theatrical Design: Elements of Visual Composition, Methods, and Practice',
	'Malloy');

INSERT INTO keyword(book_title, keyword)
VALUES ('The Art of Theatrical Design: Elements of Visual Composition, Methods, and Practice',
	'The');

INSERT INTO keyword(book_title, keyword)
VALUES ('The Art of Theatrical Design: Elements of Visual Composition, Methods, and Practice',
	'Art');

INSERT INTO keyword(book_title, keyword)
VALUES ('The Art of Theatrical Design: Elements of Visual Composition, Methods, and Practice',
	'of');

INSERT INTO keyword(book_title, keyword)
VALUES ('The Art of Theatrical Design: Elements of Visual Composition, Methods, and Practice',
	'Theatrical');

INSERT INTO keyword(book_title, keyword)
VALUES ('The Art of Theatrical Design: Elements of Visual Composition, Methods, and Practice',
	'Design:');

INSERT INTO keyword(book_title, keyword)
VALUES ('The Art of Theatrical Design: Elements of Visual Composition, Methods, and Practice',
	'Elements');

INSERT INTO keyword(book_title, keyword)
VALUES ('The Art of Theatrical Design: Elements of Visual Composition, Methods, and Practice',
	'of');

INSERT INTO keyword(book_title, keyword)
VALUES ('The Art of Theatrical Design: Elements of Visual Composition, Methods, and Practice',
	'Visual');

INSERT INTO keyword(book_title, keyword)
VALUES ('The Art of Theatrical Design: Elements of Visual Composition, Methods, and Practice',
	'Composition,');

INSERT INTO keyword(book_title, keyword)
VALUES ('The Art of Theatrical Design: Elements of Visual Composition, Methods, and Practice',
	'Methods,');

INSERT INTO keyword(book_title, keyword)
VALUES ('The Art of Theatrical Design: Elements of Visual Composition, Methods, and Practice',
	'and');

INSERT INTO keyword(book_title, keyword)
VALUES ('The Art of Theatrical Design: Elements of Visual Composition, Methods, and Practice',
	'Practice');

INSERT INTO keyword(book_title, keyword)
VALUES ('The Art of Theatrical Design: Elements of Visual Composition, Methods, and Practice',
	'Production');

INSERT INTO keyword(book_title, keyword)
VALUES ('The Art of Theatrical Design: Elements of Visual Composition, Methods, and Practice',
	'Practicum');

############
        
INSERT INTO keyword(book_title, keyword)
VALUES ('Lies My Teacher Told Me: Everything Your American History Textbook Got Wrong',
	'James');

INSERT INTO keyword(book_title, keyword)
VALUES ('Lies My Teacher Told Me: Everything Your American History Textbook Got Wrong',
	'W.');

INSERT INTO keyword(book_title, keyword)
VALUES ('Lies My Teacher Told Me: Everything Your American History Textbook Got Wrong',
	'Loewen');

INSERT INTO keyword(book_title, keyword)
VALUES ('Lies My Teacher Told Me: Everything Your American History Textbook Got Wrong',
	'Lies');

INSERT INTO keyword(book_title, keyword)
VALUES ('Lies My Teacher Told Me: Everything Your American History Textbook Got Wrong',
	'My');

INSERT INTO keyword(book_title, keyword)
VALUES ('Lies My Teacher Told Me: Everything Your American History Textbook Got Wrong',
	'Teacher');

INSERT INTO keyword(book_title, keyword)
VALUES ('Lies My Teacher Told Me: Everything Your American History Textbook Got Wrong',
	'Told');

INSERT INTO keyword(book_title, keyword)
VALUES ('Lies My Teacher Told Me: Everything Your American History Textbook Got Wrong',
	'Me:');

INSERT INTO keyword(book_title, keyword)
VALUES ('Lies My Teacher Told Me: Everything Your American History Textbook Got Wrong',
	'Everything');

INSERT INTO keyword(book_title, keyword)
VALUES ('Lies My Teacher Told Me: Everything Your American History Textbook Got Wrong',
	'Your');

INSERT INTO keyword(book_title, keyword)
VALUES ('Lies My Teacher Told Me: Everything Your American History Textbook Got Wrong',
	'American');

INSERT INTO keyword(book_title, keyword)
VALUES ('Lies My Teacher Told Me: Everything Your American History Textbook Got Wrong',
	'History');

INSERT INTO keyword(book_title, keyword)
VALUES ('Lies My Teacher Told Me: Everything Your American History Textbook Got Wrong',
	'Textbook');

INSERT INTO keyword(book_title, keyword)
VALUES ('Lies My Teacher Told Me: Everything Your American History Textbook Got Wrong',
	'Got');

INSERT INTO keyword(book_title, keyword)
VALUES ('Lies My Teacher Told Me: Everything Your American History Textbook Got Wrong',
	'Wrong');

INSERT INTO keyword(book_title, keyword)
VALUES ('Lies My Teacher Told Me: Everything Your American History Textbook Got Wrong',
	'Culture');

INSERT INTO keyword(book_title, keyword)
VALUES ('Lies My Teacher Told Me: Everything Your American History Textbook Got Wrong',
	'in');

INSERT INTO keyword(book_title, keyword)
VALUES ('Lies My Teacher Told Me: Everything Your American History Textbook Got Wrong',
	'America');

############
        
INSERT INTO keyword(book_title, keyword)
VALUES ('Psychology',
	'David');

INSERT INTO keyword(book_title, keyword)
VALUES ('Psychology',
	'G.');

INSERT INTO keyword(book_title, keyword)
VALUES ('Psychology',
	'Myers');

INSERT INTO keyword(book_title, keyword)
VALUES ('Psychology',
	'Psychology');

INSERT INTO keyword(book_title, keyword)
VALUES ('Psychology',
	'Introduction');

INSERT INTO keyword(book_title, keyword)
VALUES ('Psychology',
	'to');

INSERT INTO keyword(book_title, keyword)
VALUES ('Psychology',
	'Psychology');

############
        
INSERT INTO keyword(book_title, keyword)
VALUES ('The Great Salsa Book',
	'Mark');

INSERT INTO keyword(book_title, keyword)
VALUES ('The Great Salsa Book',
	'Miller');

INSERT INTO keyword(book_title, keyword)
VALUES ('The Great Salsa Book',
	'The');

INSERT INTO keyword(book_title, keyword)
VALUES ('The Great Salsa Book',
	'Great');

INSERT INTO keyword(book_title, keyword)
VALUES ('The Great Salsa Book',
	'Salsa');

INSERT INTO keyword(book_title, keyword)
VALUES ('The Great Salsa Book',
	'Book');

INSERT INTO keyword(book_title, keyword)
VALUES ('The Great Salsa Book',
	'Salsa');

############
        
INSERT INTO keyword(book_title, keyword)
VALUES ('Elements of Propulsion: Gas Turbines and Rockets',
	'J');

INSERT INTO keyword(book_title, keyword)
VALUES ('Elements of Propulsion: Gas Turbines and Rockets',
	'Mattingly');

INSERT INTO keyword(book_title, keyword)
VALUES ('Elements of Propulsion: Gas Turbines and Rockets',
	'Elements');

INSERT INTO keyword(book_title, keyword)
VALUES ('Elements of Propulsion: Gas Turbines and Rockets',
	'of');

INSERT INTO keyword(book_title, keyword)
VALUES ('Elements of Propulsion: Gas Turbines and Rockets',
	'Propulsion:');

INSERT INTO keyword(book_title, keyword)
VALUES ('Elements of Propulsion: Gas Turbines and Rockets',
	'Gas');

INSERT INTO keyword(book_title, keyword)
VALUES ('Elements of Propulsion: Gas Turbines and Rockets',
	'Turbines');

INSERT INTO keyword(book_title, keyword)
VALUES ('Elements of Propulsion: Gas Turbines and Rockets',
	'and');

INSERT INTO keyword(book_title, keyword)
VALUES ('Elements of Propulsion: Gas Turbines and Rockets',
	'Rockets');

INSERT INTO keyword(book_title, keyword)
VALUES ('Elements of Propulsion: Gas Turbines and Rockets',
	'Rocket');

INSERT INTO keyword(book_title, keyword)
VALUES ('Elements of Propulsion: Gas Turbines and Rockets',
	'Propulsion');

############
        
INSERT INTO keyword(book_title, keyword)
VALUES ('Guyton and Hall Textbook of Medical Physiology',
	'John');

INSERT INTO keyword(book_title, keyword)
VALUES ('Guyton and Hall Textbook of Medical Physiology',
	'E.');

INSERT INTO keyword(book_title, keyword)
VALUES ('Guyton and Hall Textbook of Medical Physiology',
	'Hall');

INSERT INTO keyword(book_title, keyword)
VALUES ('Guyton and Hall Textbook of Medical Physiology',
	'Guyton');

INSERT INTO keyword(book_title, keyword)
VALUES ('Guyton and Hall Textbook of Medical Physiology',
	'and');

INSERT INTO keyword(book_title, keyword)
VALUES ('Guyton and Hall Textbook of Medical Physiology',
	'Hall');

INSERT INTO keyword(book_title, keyword)
VALUES ('Guyton and Hall Textbook of Medical Physiology',
	'Textbook');

INSERT INTO keyword(book_title, keyword)
VALUES ('Guyton and Hall Textbook of Medical Physiology',
	'of');

INSERT INTO keyword(book_title, keyword)
VALUES ('Guyton and Hall Textbook of Medical Physiology',
	'Medical');

INSERT INTO keyword(book_title, keyword)
VALUES ('Guyton and Hall Textbook of Medical Physiology',
	'Physiology');

INSERT INTO keyword(book_title, keyword)
VALUES ('Guyton and Hall Textbook of Medical Physiology',
	'Human');

INSERT INTO keyword(book_title, keyword)
VALUES ('Guyton and Hall Textbook of Medical Physiology',
	'Anatomy');

############
        
INSERT INTO keyword(book_title, keyword)
VALUES ('Applied Econometrics',
	'Dimitrios');

INSERT INTO keyword(book_title, keyword)
VALUES ('Applied Econometrics',
	'Asteriou');

INSERT INTO keyword(book_title, keyword)
VALUES ('Applied Econometrics',
	'Applied');

INSERT INTO keyword(book_title, keyword)
VALUES ('Applied Econometrics',
	'Econometrics');

INSERT INTO keyword(book_title, keyword)
VALUES ('Applied Econometrics',
	'Econometrics');

############
        
INSERT INTO keyword(book_title, keyword)
VALUES ('Organic Chemistry',
	'John');

INSERT INTO keyword(book_title, keyword)
VALUES ('Organic Chemistry',
	'E.');

INSERT INTO keyword(book_title, keyword)
VALUES ('Organic Chemistry',
	'McMurry');

INSERT INTO keyword(book_title, keyword)
VALUES ('Organic Chemistry',
	'Organic');

INSERT INTO keyword(book_title, keyword)
VALUES ('Organic Chemistry',
	'Chemistry');

INSERT INTO keyword(book_title, keyword)
VALUES ('Organic Chemistry',
	'Organic');

INSERT INTO keyword(book_title, keyword)
VALUES ('Organic Chemistry',
	'Chemistry');

############
        
INSERT INTO keyword(book_title, keyword)
VALUES ('Christianity 101: A Textbook of Catholic Theology',
	'Gregory');

INSERT INTO keyword(book_title, keyword)
VALUES ('Christianity 101: A Textbook of Catholic Theology',
	'C.');

INSERT INTO keyword(book_title, keyword)
VALUES ('Christianity 101: A Textbook of Catholic Theology',
	'Higgins');

INSERT INTO keyword(book_title, keyword)
VALUES ('Christianity 101: A Textbook of Catholic Theology',
	'Christianity');

INSERT INTO keyword(book_title, keyword)
VALUES ('Christianity 101: A Textbook of Catholic Theology',
	'101:');

INSERT INTO keyword(book_title, keyword)
VALUES ('Christianity 101: A Textbook of Catholic Theology',
	'A');

INSERT INTO keyword(book_title, keyword)
VALUES ('Christianity 101: A Textbook of Catholic Theology',
	'Textbook');

INSERT INTO keyword(book_title, keyword)
VALUES ('Christianity 101: A Textbook of Catholic Theology',
	'of');

INSERT INTO keyword(book_title, keyword)
VALUES ('Christianity 101: A Textbook of Catholic Theology',
	'Catholic');

INSERT INTO keyword(book_title, keyword)
VALUES ('Christianity 101: A Textbook of Catholic Theology',
	'Theology');

INSERT INTO keyword(book_title, keyword)
VALUES ('Christianity 101: A Textbook of Catholic Theology',
	'Christianity');

############
        
INSERT INTO keyword(book_title, keyword)
VALUES ('Rocket Propulsion Elements',
	'George');

INSERT INTO keyword(book_title, keyword)
VALUES ('Rocket Propulsion Elements',
	'Sutton');

INSERT INTO keyword(book_title, keyword)
VALUES ('Rocket Propulsion Elements',
	'Rocket');

INSERT INTO keyword(book_title, keyword)
VALUES ('Rocket Propulsion Elements',
	'Propulsion');

INSERT INTO keyword(book_title, keyword)
VALUES ('Rocket Propulsion Elements',
	'Elements');

INSERT INTO keyword(book_title, keyword)
VALUES ('Rocket Propulsion Elements',
	'Rocket');

INSERT INTO keyword(book_title, keyword)
VALUES ('Rocket Propulsion Elements',
	'Propulsion');

############
        
INSERT INTO keyword(book_title, keyword)
VALUES ('Basic Economics for Students and Non-Students Alike',
	'Jerry');

INSERT INTO keyword(book_title, keyword)
VALUES ('Basic Economics for Students and Non-Students Alike',
	'Wyant');

INSERT INTO keyword(book_title, keyword)
VALUES ('Basic Economics for Students and Non-Students Alike',
	'Basic');

INSERT INTO keyword(book_title, keyword)
VALUES ('Basic Economics for Students and Non-Students Alike',
	'Economics');

INSERT INTO keyword(book_title, keyword)
VALUES ('Basic Economics for Students and Non-Students Alike',
	'for');

INSERT INTO keyword(book_title, keyword)
VALUES ('Basic Economics for Students and Non-Students Alike',
	'Students');

INSERT INTO keyword(book_title, keyword)
VALUES ('Basic Economics for Students and Non-Students Alike',
	'and');

INSERT INTO keyword(book_title, keyword)
VALUES ('Basic Economics for Students and Non-Students Alike',
	'Non-Students');

INSERT INTO keyword(book_title, keyword)
VALUES ('Basic Economics for Students and Non-Students Alike',
	'Alike');

INSERT INTO keyword(book_title, keyword)
VALUES ('Basic Economics for Students and Non-Students Alike',
	'Macroeconomics');

############
        
INSERT INTO keyword(book_title, keyword)
VALUES ('Child Development: An Introduction',
	'John');

INSERT INTO keyword(book_title, keyword)
VALUES ('Child Development: An Introduction',
	'Santrock');

INSERT INTO keyword(book_title, keyword)
VALUES ('Child Development: An Introduction',
	'Child');

INSERT INTO keyword(book_title, keyword)
VALUES ('Child Development: An Introduction',
	'Development:');

INSERT INTO keyword(book_title, keyword)
VALUES ('Child Development: An Introduction',
	'An');

INSERT INTO keyword(book_title, keyword)
VALUES ('Child Development: An Introduction',
	'Introduction');

INSERT INTO keyword(book_title, keyword)
VALUES ('Child Development: An Introduction',
	'Teaching');

INSERT INTO keyword(book_title, keyword)
VALUES ('Child Development: An Introduction',
	'101');

############
        
INSERT INTO keyword(book_title, keyword)
VALUES ('Textbook of Biochemistry with Clinical Correlations',
	'Thomas');

INSERT INTO keyword(book_title, keyword)
VALUES ('Textbook of Biochemistry with Clinical Correlations',
	'M.');

INSERT INTO keyword(book_title, keyword)
VALUES ('Textbook of Biochemistry with Clinical Correlations',
	'Devlin');

INSERT INTO keyword(book_title, keyword)
VALUES ('Textbook of Biochemistry with Clinical Correlations',
	'Textbook');

INSERT INTO keyword(book_title, keyword)
VALUES ('Textbook of Biochemistry with Clinical Correlations',
	'of');

INSERT INTO keyword(book_title, keyword)
VALUES ('Textbook of Biochemistry with Clinical Correlations',
	'Biochemistry');

INSERT INTO keyword(book_title, keyword)
VALUES ('Textbook of Biochemistry with Clinical Correlations',
	'with');

INSERT INTO keyword(book_title, keyword)
VALUES ('Textbook of Biochemistry with Clinical Correlations',
	'Clinical');

INSERT INTO keyword(book_title, keyword)
VALUES ('Textbook of Biochemistry with Clinical Correlations',
	'Correlations');

INSERT INTO keyword(book_title, keyword)
VALUES ('Textbook of Biochemistry with Clinical Correlations',
	'Biochemistry');

############
        
INSERT INTO keyword(book_title, keyword)
VALUES ('Revival: A Novel',
	'Stephen');

INSERT INTO keyword(book_title, keyword)
VALUES ('Revival: A Novel',
	'King');

INSERT INTO keyword(book_title, keyword)
VALUES ('Revival: A Novel',
	'Revival:');

INSERT INTO keyword(book_title, keyword)
VALUES ('Revival: A Novel',
	'A');

INSERT INTO keyword(book_title, keyword)
VALUES ('Revival: A Novel',
	'Novel');

############
        
INSERT INTO keyword(book_title, keyword)
VALUES ('The shining',
	'Stephen');

INSERT INTO keyword(book_title, keyword)
VALUES ('The shining',
	'King');

INSERT INTO keyword(book_title, keyword)
VALUES ('The shining',
	'The');

INSERT INTO keyword(book_title, keyword)
VALUES ('The shining',
	'shining');

####################################################################